Word,Type,Sentiment
A-film,n,++
Apocalyps,n,--
B-film,n,--
Brabander,n,+
CFK,n,-
Christuskop,n,-
Fortuna,n,+
Godslam,n,--
Hydra,n,-
Januskop,n,-
Odysseus,n,+
Redder,n,++
St.-,n,+
Verlichting,n,+
aai,n,+
aanbaksel,n,--
aanbevelen,v,++
aanbidden,v,+
aanbidder,n,++
aanbieden,v,+
aanbranden,v,-
aandoening,n,-
aandurven,v,+
aanfluiting,n,-
aangeklaagde,n,--
aangenaam,a,++
aangeslagen,a,-
aangeven,v,+
aanhankelijk,a,-
aanhoudend,a,-
aanhouder,n,+
aankleding,n,+
aankloppen,v,+
aanleg,n,++
aanmatigend,a,--
aanmodderen,v,--
aanmoedigen,v,+
aanmoediging,n,+
aanpassingsvermogen,n,+
aanpezen,v,+
aanpoten,v,+
aanranding,n,-
aanschaffen,v,+
aansluiten,v,+
aansporen,v,+
aanspraak,n,+
aansprakelijk,a,-
aanstelling,n,+
aanstichter,n,-
aanstoker,n,-
aanstoot,n,-
aanstootgevend,a,--
aantoonbaar,a,++
aantrekkelijk,a,++
aantrekken,v,+
aantrekkingskracht,n,+
aanvaard,a,++
aanvaarden,v,+
aanval,n,-
aanvaller,n,-
aanvechtbaar,a,-
aanvulling,n,+
aanwezig,a,+
aanwijsbaar,a,+
aanzetten,v,-
aanzien,n,++
aanzienlijk,a,+
aardig,a,++
aardigheid,n,++
aas,n,-
abdiceren,v,-
aberratie,n,-
abnormaal,a,+
abnormaliteit,n,--
abominabel,a,++
absurd,a,--
absurditeit,n,--
academisme,n,-
accentueren,v,+
accepteren,v,+
accommoderen,v,+
accuraat,a,++
accuratesse,n,++
achtbaar,a,++
achteloos,a,--
achtenswaard,a,++
achtenswaardig,a,+
achteraanrennen,v,-
achterbaks,a,--
achterblijfster,n,-
achterblijver,n,-
achterdocht,n,--
achterdochtig,a,--
achterhouden,v,--
achterlijk,a,--
achterlijke,n,--
achternazitten,v,-
achterstand,n,-
achteruit,b,-
achteruit,n,-
achteruitgaan,v,-
achteruitwijken,v,-
achtervolgen,v,-
achting,n,-
actief,a,++
actieveling,n,+
addict,n,-
adembenemend,a,++
adept,n,+
adstructie,n,-
advies,n,+
af,a,+
afblijven,v,-
afbreken,v,-
afdanken,v,-
afdoen,v,-
afdruipen,v,-
afdwingen,v,-
affectief,a,+
affiniteit,n,+
affirmatie,n,+
affreus,a,?
afgeleefd,a,--
afgesleten,a,-
afgevallene,n,-
afgezaagd,a,--
afgoderij,n,-
afgrijselijk,a,--
afgrijzen,n,--
afgrond,n,-
afkeer,n,--
afkerig,a,--
afkeuren,v,--
afkeuring,n,--
afkletsen,v,--
afknijpen,v,--
afkrabbelen,v,-
aflaat,n,+
afleiding,n,-
afmonsteren,v,-
afnemen,v,-
afnokken,v,-
afpersen,v,--
afpersing,n,--
afprijzen,v,--
afscheuring,n,-
afschrikken,v,-
afschuiven,v,-
afschuw,n,--
afschuwelijk,a,--
afschuwwekkend,a,--
afslaan,v,--
afstand,n,-
afstotelijk,a,--
afstotend,a,--
afstraffing,n,-
afstropen,v,-
aftaaien,v,-
afval,n,-
afvallige,n,--
afwasser,n,-
afwezige,n,-
afwijken,v,-
afwijzen,v,--
afwijzing,n,-
afzakken,v,-
afzetten,v,--
afzetting,n,-
afzien,v,--
afzonderen,v,-
afzweren,v,+
agitatie,n,--
agitator,n,--
agressie,n,--
agressief,a,--
agressieveling,n,--
agressiviteit,n,-
agressor,n,--
aimabel,a,+
akkoord,n,+
alarmerend,a,--
alchimist,n,-
algeheel,a,+
alibi,n,-
all,right,a
alledaags,a,-
alleen,a,-
allerbest,a,++
allergrootst,a,++
allerminst,b,-
alles,n,+
alleskunner,n,++
allochtoon,n,-
allright,a,++
allrounder,n,++
allure,n,++
almachtig,a,++
altruist,n,++
altruistisch,a,++
altruïst,n,++
altruïstisch,a,++
amant,n,+
amateur,n,--
amateuristisch,a,--
ambassadeur,n,+
ambiance,n,++
ambitieus,a,++
ambivalentie,n,-
ambiëren,v,+
ambtenaar,n,-
amice,n,?
amnestie,n,+
amoreel,a,--
amusant,a,++
amusement,n,++
amuseren,v,+
analfabeet,n,-
anarchie,n,-
anarchisme,n,-
anarchist,n,-
anders,a,-
angel,n,-
angst,n,--
angsthaas,n,--
angstig,a,--
angstvallig,a,--
angstwekkend,a,--
animeermeisje,n,-
animeren,v,+
animositeit,n,+
anomalie,n,-
antagonisme,n,--
antagonist,n,-
anti,n,--
anti-radarsysteem,n,-
anti-raketraket,n,--
antipathie,n,--
antiraket-raket,n,--
apaiseren,v,+
apart,a,-
apathie,n,--
apathisch,a,--
apekool,n,--
apepak,n,--
apocalyptisch,a,--
apotheose,n,+
appelflap,n,-
applaudisseren,v,+
appreciatie,n,++
apprecieren,v,++
approberen,v,+
arbeiderswoning,n,-
argeloos,a,--
arglistigheid,n,-
argument,n,+
argumenteren,v,+
argwaan,n,--
argwanend,a,--
arm,n,--
arme,n,-
armoe,n,--
armoede,n,--
armoedigheid,n,--
armoedzaaier,n,--
armzalig,a,--
armzaligheid,n,--
aromatisch,a,+
arrestatie,n,--
arresteren,v,-
arrogant,a,--
arrogantie,n,--
articuleren,v,+
artritis,n,-
arts,n,+
asceet,n,+
aspiratie,n,++
aspiraties,n,++
assimileren,v,-
assisteren,v,+
astmatisch,a,-
atrofie,n,?
attitude,n,-
attractie,n,+
authentiek,a,++
autocraat,n,-
autocratisch,a,--
autodidact,n,+
autoritair,a,+
autoriteit,n,+
avanceren,v,+
averechts,a,--
aversie,n,--
avondpartij,n,+
avonturier,n,++
avontuur,n,+
azijnpisser,n,--
baaierd,n,--
baanbrekend,a,++
baarkruk,n,-
baatzuchtig,a,--
babbelen,v,+
babyface,n,-
baffer,n,-
bakbeest,n,-
baldadig,a,--
baliekluiver,n,-
ballingschap,n,-
balorig,a,--
balsturig,a,-
ban,n,--
banaal,a,--
bandeloos,a,--
bang,a,-
bangebroek,n,--
bangerd,n,--
bangerik,n,--
bangeschijter,n,--
bangheid,n,--
bangmakerij,n,--
bar,a,-
bar,n,-
barbaar,n,--
barbaars,a,--
barbaarsheid,n,--
barmhartig,a,++
barmhartigheid,n,++
barre,n,--
barrière,n,-
bassen,v,-
bastaardzuster,n,--
bazelen,v,--
beangst,a,-
beangstigend,a,--
beauty,n,++
bedaard,a,+
bedachtzaamheid,n,++
bedanken,v,+
bedelaar,n,-
bedelen,v,-
bedelzak,n,--
bedenkelijk,a,-
bedenken,v,+
bedenker,n,+
bederf,n,--
bedompt,a,-
bedotten,v,--
bedreigen,v,--
bedreigend,a,--
bedreiging,n,-
bedremmeld,a,--
bedreven,a,++
bedrevenheid,n,++
bedrieger,n,--
bedriegerij,n,--
bedrieglijk,a,--
bedroefd,a,--
bedroefdheid,n,--
bedroeven,v,-
bedroevend,a,--
bedrog,n,--
bedruktheid,n,-
beducht,a,-
beduusd,a,-
beduvelarij,n,--
bedwelmd,a,-
bedwelmen,v,--
beest,n,-
beestachtig,a,-
beestenbende,n,--
beestenboel,n,-
beestmens,n,--
begaafd,a,++
begeerte,n,+
begeesterd,a,-
begeestering,n,++
begeleiding,n,+
begenadigd,a,++
begeren,v,+
begerig,a,+
begiftigen,v,--
beginsel,n,+
begoochelen,v,-
begrijpelijk,a,+
begrijpen,v,+
begunstigde,n,+
behaard,a,--
behagen,n,++
beheersbaar,a,+
beheersing,n,+
behendig,a,++
behendigheid,n,++
behoeftig,a,-
behoeftigheid,n,-
bejaarde,n,-
bekakt,a,--
bekend,a,+
bekendheid,n,+
bekennen,v,-
bekeuring,n,--
beklaagde,n,--
beklemd,a,--
beklemming,n,-
bekoelen,v,--
bekommerd,a,++
bekoorlijk,a,++
bekoren,v,+
bekritiseren,v,-
bekrompen,a,--
bekvechten,v,-
bekwaam,a,++
bekwaamheid,n,++
belabberd,a,--
belachelijk,a,--
beladen,v,-
belagen,v,--
belager,n,--
belang,n,+
belangrijk,a,+
belastend,a,--
belazeren,v,--
beledigd,a,--
beledigen,v,-
belediging,n,--
beleefd,a,++
beleefdheid,n,++
belegeren,v,--
belegering,n,--
belemmeren,v,-
belemmering,n,--
beletsel,n,--
beleven,v,+
belofte,n,+
belonen,v,+
beloning,n,+
bemiddeld,a,+
beminde,n,++
beminnaar,n,+
beminnelijk,a,++
beminnen,v,+
bemoedigend,a,++
bemoeilijken,v,--
bemoeiziek,a,--
benadeelde,n,--
benauwd,a,--
bende,n,--
bendelid,n,-
benig,a,-
benigne,a,?
beoordelaar,n,-
beperken,v,-
beperking,n,--
beperkt,a,--
bepleiter,n,+
beregoed,a,++
bereid,a,+
bereidheid,n,++
bereiken,v,+
berekenbaar,a,++
bergopwaarts,a,++
berispen,v,--
berisping,n,-
beroemd,a,++
beroemdheid,n,++
beroepskracht,n,++
beroerd,a,--
beroeren,v,+
beroering,n,-
beroerling,n,--
beroerte,n,-
berouw,n,+
berouwvol,a,--
beroven,v,-
berucht,a,+
berusten,v,+
beschaamd,a,--
beschamend,a,--
beschaving,n,+
bescheiden,n,++
bescheidenheid,n,+
beschermen,v,+
beschermer,n,++
bescherming,n,++
bescheuren,v,+
beschimmeld,a,--
beschimpen,v,-
beschonkene,n,-
beschuldigde,n,--
beschuldigen,v,-
beschuldiging,n,--
besef,n,+
besje,n,-
beslechten,v,-
beslommeringen,n,--
besluiteloos,a,--
besluiteloosheid,n,--
besluitvaardig,a,++
besluitvaardigheid,n,+
besmet,a,-
besmetten,v,--
besmetting,n,--
besodemieterd,a,--
bespieden,v,-
bespottelijk,a,--
bespotten,v,--
bespraakt,a,+
best,a,++
best,n,++
bestendigheid,n,+
bestialiteit,n,--
bestoken,v,-
bestraffen,v,-
beter,a,++
beteugelen,v,-
beteuterd,a,--
betoeterd,a,--
betoveren,v,+
betrappen,v,--
betrekking,n,+
betreuren,v,-
betreurenswaard,a,--
betreurenswaardig,a,--
betrokken,a,+
betrouwbaar,a,++
betrouwbaarheid,n,++
betwistbaar,a,-
beul,n,--
beuzelaar,n,--
beuzelachtig,a,--
beuzelarij,n,--
bevallen,v,+
bevestigend,a,++
bevlekken,v,-
bevoegd,a,++
bevordering,n,+
bevorderlijk,a,++
bevredigend,a,++
bevrediging,n,++
bevreemding,n,--
bevreesd,a,--
bevrijden,v,++
bevrijding,n,++
beweeglijk,a,+
beweging,n,+
bewenen,v,--
beweren,v,-
bewering,n,-
bewerkelijk,a,-
bewonderaar,n,++
bewonderenswaard,a,++
bewonderenswaardig,a,++
bewondering,n,+
bezeten,a,--
bezetene,n,--
bezielen,v,-
bezieling,n,++
bezig,a,+
bezighouden,v,-
bezitter,n,+
bezoedeling,n,-
bezopen,a,--
bezorgd,a,-
bezwaar,n,-
bezwaarlijk,a,--
bezwaren,v,-
bezwendelen,v,--
bezwijken,v,--
bias,n,-
biecht,n,-
big,boss,n
big,shot,n
bigotterie,n,-
bijeenzijn,v,+
bijgeloof,n,--
bijgelovig,a,-
bijstandsvrouw,n,-
bijten,v,-
bikkelhard,a,++
billijk,a,++
billijken,v,+
bindvliesontsteking,n,-
bink,n,++
binnenloodsen,v,+
binnenskamers,b,-
bitter,a,--
bitter,n,--
bizar,a,-
blaam,n,--
blaaskaak,n,--
blaffen,v,-
bleek,n,-
bleekneus,n,-
blieven,v,-
blij,a,++
blijde,a,++
blijdschap,n,++
blijheid,n,++
bliksemen,v,-
blind,n,-
blindelings,a,+
blindheid,n,-
blitskikker,n,-
blode,a,-
bloed,n,-
bloedarm,a,--
bloedbad,n,--
bloedeloos,a,-
bloedgetuige,n,-
bloedhond,n,-
bloedlink,a,--
bloedspoor,n,--
bloedvergieten,n,--
bloeien,v,+
bloemengeur,n,+
bloemig,a,++
blokkeren,v,-
blond,a,-
bluffen,v,-
bluffer,n,-
blunder,n,--
bobo,n,-
bochtig,a,--
boef,n,--
boegbeeld,n,+
boeien,v,+
boekworm,n,-
boemelaar,n,--
boerenhufter,n,--
boerenkaffer,n,--
boerenkinkel,n,--
boerenlul,n,--
boerenpummel,n,--
boerentrien,n,--
bof,n,++
boffer,n,++
bofkont,n,++
bokkig,a,--
boksring,n,-
bolle,n,--
bollebof,n,-
bollie,n,-
bolsjewiek,n,--
bolsjewisme,n,-
bolsjewist,n,-
bom,n,--
bombardement,n,-
bombarderen,v,-
bombarie,n,--
bon-vivant,n,+
bondage,n,-
bondgenoot,n,+
bonje,n,--
bons,n,-
bonus,n,++
boos,a,--
boosaardig,a,--
boosdoener,n,--
boosheid,n,-
booswicht,n,--
bordenwasser,n,-
boring,n,--
borrelen,v,+
bosgodin,n,+
bot,n,-
botsen,v,--
botsing,n,-
botterik,n,--
bourgeois,n,-
bouwvallig,a,--
bovenmatig,a,++
boycot,n,--
braaksel,n,-
brabbelen,v,-
brak,n,--
branden,v,-
brandhout,n,-
branie,n,+
branieschopper,n,--
breed,a,+
breedbekkikker,n,-
breidelloos,a,--
briljant,n,++
broederlijkheid,n,+
brombeer,n,--
brompot,n,--
broos,n,+
bros,n,-
brouwen,v,-
bruinhemd,n,--
bruisend,a,++
brullen,v,--
brutaal,a,-
brutaliteit,n,--
bruut,a,--
bruut,n,--
bug,n,-
buigen,v,-
buikgriep,n,-
buit,n,+
buitenbeentje,n,--
buitenechtelijk,a,--
buitengewoon,a,+
buitenissig,a,--
buitenkansje,n,++
buitensporig,a,--
bullshit,n,--
burgo,n,-
capabel,a,++
capitulatie,n,-
capituleren,v,-
casseren,v,-
catastrofaal,a,--
catastrofe,n,--
cellulitis,n,-
censor,n,-
chagrijn,n,--
chantage,n,--
chaos,n,--
chaotisch,a,--
charisma,n,++
charme,n,++
chic,n,+
chick,n,+
chloorzuur,n,-
circusvertoning,n,-
claim,n,-
clash,n,-
cliche,n,--
clochard,n,--
clown,n,+
clownerie,n,-
coherent,a,+
coherentie,n,+
cohesie,n,+
comeback,n,+
comfort,n,++
comfortabel,a,++
committent,n,+
commotie,n,-
compact,a,+
compagnon,n,+
compenseren,v,-
competent,a,++
competentie,n,+
compleet,a,+
complex,n,-
complicatie,n,--
compliceren,v,--
compliment,n,++
compromis,n,+
concessie,n,-
concilieren,v,+
concreet,a,++
confidentieel,a,+
conflict,n,-
confrontatie,n,-
confronteren,v,-
confusie,n,-
confuus,a,--
congestie,n,-
connaisseur,n,++
consensus,n,+
conservatief,n,-
conservatisme,n,-
considerabel,a,+
consideratie,n,+
consistent,a,++
constellatie,n,-
consternatie,n,-
consumeren,v,-
contradictie,n,-
contradictoir,a,--
contrair,a,-
contribuant,n,+
contribueren,v,+
controverse,n,--
controversieel,a,+
convenientie,n,+
corporaal,n,-
corpulent,a,-
correct,a,++
correctheid,n,++
corrosie,n,-
corrupt,a,--
corruptie,n,--
coupe,soleil,n
coöperatie,n,+
coöperatief,a,++
coöpereren,v,++
crack,n,-
crazy,a,--
creatief,a,++
creationist,n,+
creativiteit,n,++
cremeren,v,-
criminaliteit,n,--
crimineel,n,--
crisis,n,--
criticaster,n,-
criticus,n,-
cryptisch,a,-
curator,n,-
cynisch,a,-
cynisme,n,--
daadkrachtig,a,++
dader,n,-
dagdief,n,-
dagdroom,n,+
dageraad,n,+
dakloze,n,-
daling,n,-
dame,n,+
dank,n,++
dankbaar,a,++
dankbaarheid,n,++
dapper,a,++
dapperheid,n,++
daveren,v,+
deal,n,++
debet,a,-
debiteur,n,-
deblokkeren,v,+
decadent,a,-
decadentie,n,--
decoratie,n,+
deelhebber,n,+
deerlijk,a,+
deern,n,-
deernis,n,-
deerniswekkend,a,--
defect,n,--
defectief,n,-
defensief,a,-
deficiënt,a,--
deficiëntie,n,--
degelijk,a,++
degelijkheid,n,++
degen,n,-
degeneratie,n,--
degoutant,a,-
degoûtant,a,--
degradatie,n,--
degraderen,v,--
deining,n,-
deknaam,n,-
deksels,a,--
deletie,n,-
delfstoffenkundige,n,+
delicatesse,n,++
delict,n,-
delinquent,n,--
delirium,n,--
deloyaal,a,-
democratisch,a,+
demonstreerbaar,a,+
demoraliserend,a,--
demotiverend,a,--
denderen,v,--
denderend,a,++
denkbaar,a,+
denker,n,+
depersonalisatie,n,--
deplorabel,a,--
depressie,n,--
depressief,a,--
depressiviteit,n,--
depri,a,--
deprimerend,a,--
derdehands,a,-
derderangs,a,--
deserteur,n,-
desillusie,n,--
desintegratie,n,--
desinteresse,n,--
deskundig,a,++
deskundige,n,++
deskundoloog,n,-
desorganisatie,n,--
despoot,n,?
despotisme,n,?
dessert,n,+
destabilisatie,n,--
destroyer,n,--
destructie,n,--
determinist,n,-
detestabel,a,?
deugd,n,++
deugddoend,a,++
deugdelijk,a,++
deviatie,n,-
devoot,a,+
devotie,n,+
dicht,a,-
dichterbij,b,+
dictator,n,--
dictatoriaal,a,--
dienstbaarheid,n,+
diep,a,-
dierenbeschermer,n,+
dijk,n,+
dik,n,-
dikdoener,n,-
dikhuidig,a,--
dikkerd,n,--
dikzak,n,--
dilemma,n,-
dilettanterig,a,-
discontinu,a,-
discontinuïteit,n,-
discordantie,n,-
discretie,n,+
discriminatie,n,--
discrimineren,v,--
discutabel,a,-
disharmonie,n,--
disparaat,a,--
disputabel,a,--
dissident,a,-
dissident,n,-
dissonant,n,-
dissonantie,n,--
divers,a,+
diverteren,v,-
dobberen,v,+
dode,n,-
dodelijk,a,--
doden,v,--
dodo,n,-
doelgericht,a,++
doelloos,a,--
doen,v,+
doener,n,+
doenlijk,a,++
dofheid,n,--
dol,n,+
dolblij,a,++
dolletjes,a,++
dom,n,--
dombo,n,--
domheid,n,--
dominantie,n,--
domkop,n,--
dommerik,n,--
dommigheid,n,--
domoor,n,--
dompelaar,n,--
donders,a,-
doneren,v,++
donker,a,-
donker,n,-
donkerte,n,-
dood,n,--
doodeenvoudig,a,--
doodgemakkelijk,a,-
doodhongeren,v,-
doodlachen,v,-
doodleuk,b,-
doodmoe,a,--
doods,a,--
doodsbang,a,--
doodsimpel,a,--
doodvermoeid,a,--
doodwerken,v,--
dooievisjesvreter,n,--
doorbijter,n,++
doorbraak,n,++
doordouwer,n,++
doordrammer,n,-
doordraver,n,--
doordrijver,n,-
doordringend,a,+
doorgang,n,+
doorgewinterd,a,++
doorkneed,a,-
doorkomen,v,-
doorliggen,v,-
doorsijpelen,v,--
doorslaan,v,--
doorslenteren,v,--
doorsnijden,v,-
doorstaan,v,+
doorstoten,v,+
doorstroming,n,+
doorsukkelen,v,--
doortastend,a,++
doortastendheid,n,++
doortraptheid,n,--
doorwerken,v,+
doorzetter,n,++
doorzettingsvermogen,n,++
doorzwoegen,v,+
dor,a,--
dove,n,-
doven,v,+
down,a,-
downloaden,v,-
draagkrachtig,a,++
draaglijk,a,+
draaien,v,-
draaikont,n,--
drab,n,--
drager,n,-
drain,n,?
drama,n,--
drammer,n,--
drastisch,a,-
dreigend,a,--
drein,n,-
dreiner,n,--
dreunen,v,-
dreutel,n,-
drevelen,v,-
drietonner,n,-
drift,n,-
driftig,a,-
drijven,v,+
drinker,n,-
droef,a,--
droefenis,n,--
droefgeestig,a,--
droefgeestigheid,n,--
droefheid,n,--
droevig,a,--
drogbeeld,n,-
drol,n,-
dromen,v,+
drommel,n,-
dronkaard,n,--
dronkelap,n,--
dronkeman,n,-
dronken,a,-
droog,a,-
droogpruim,n,--
droogte,n,--
droomland,n,+
drop-out,n,--
droplul,n,--
drugsmokkel,n,--
druilerig,a,--
druiloor,n,--
druk,a,-
drukdoenerig,a,--
druktemaker,n,--
druppels,n,-
dubbelzinnig,a,-
dubbelzinnigheid,n,-
dubieus,a,--
duf,a,--
duidelijk,a,+
duidelijkheid,n,+
duimen,v,-
duimzuiger,n,-
duister,a,--
duister,n,--
duisternis,n,-
duivelachtig,a,--
duivelin,n,--
duivels,a,--
duivelskunstenaar,n,--
duizelen,v,--
duizelig,a,-
dulden,v,-
dummy,n,--
dump,n,-
durf,n,+
durfal,n,++
duur,a,--
duur,n,--
duurzaamheid,n,++
dwaaltuin,n,-
dwaas,a,--
dwaas,n,--
dwaasheid,n,--
dwalen,v,-
dwang,n,--
dwangsom,n,--
dwars,a,--
dwarsbomen,v,--
dwarsdrijver,n,--
dwarsdrijverig,a,--
dwarskop,n,--
dwarsligger,n,--
dwarsliggerig,a,--
dweil,n,-
dwingelandij,n,--
dwingen,v,--
dynamisch,a,+
echec,n,-
echtscheiding,n,-
edel,a,++
edele,n,++
edelmoedig,a,++
eendvogel,n,--
eenheid,n,+
eenkennig,a,--
eenstemmigheid,n,+
eenvoud,n,+
eenvoudig,a,-
eenvoudigheid,n,+
eenzaam,a,-
eenzaamheid,n,-
eenzijdig,a,-
eer,n,++
eerbetoon,n,++
eerbied,n,++
eerbiedig,a,++
eerbiediging,n,++
eerbiedwaardig,a,++
eergevoel,n,++
eerlijk,a,++
eerlijkheid,n,++
eerroof,n,--
eersteklas,a,++
eersteklas,n,++
eersterangs,a,++
eervol,a,++
eerwaarde,n,++
eerwaardig,a,++
eeuwigheid,n,+
effectief,a,++
effectiviteit,n,+
efficiency,n,++
efficiënt,a,++
ego,n,-
egoist,n,--
egoïsme,n,--
egoïstisch,a,--
eigendunkelijk,a,-
eikel,n,--
eind,n,-
eindeloos,a,-
eitje,n,++
elan,n,?
elegance,n,++
elegant,a,++
elegantie,n,++
element,n,+
eliminatie,n,-
elimineren,v,--
elite,n,-
ellende,n,--
ellendeling,n,--
ellendig,a,--
eloquent,a,++
emanciperen,v,+
emotieloos,a,--
emotioneel,a,-
empathie,n,++
energie,n,+
energiekeling,n,++
energieloos,a,--
eng,a,-
engel,n,++
enigheid,n,+
enormiteit,n,+
entertainen,v,+
enthousiasme,n,++
enthousiasmeren,v,++
enthousiast,a,++
epidemie,n,-
erbarmelijk,a,+
erelid,n,++
erg,n,--
ergeren,v,-
ergerlijk,a,--
ergernis,n,--
erkenning,n,++
erkentelijkheid,n,+
ernstig,a,-
eropuitgaan,v,+
erosie,n,-
ervaren,a,+
ervaren,v,+
escapade,n,-
esthetisch,a,++
etnocentrisme,n,-
etter,n,--
etterbak,n,--
etterbuil,n,--
euforie,n,++
euforisch,a,++
euvel,n,-
evacueren,v,-
evenwaardig,a,++
evenwichtig,a,++
excellent,a,++
excellentie,n,+
excentriciteit,n,+
excentriek,a,+
excessief,a,-
excuus,n,-
exorbitant,a,?
exotisch,a,++
expatriëren,v,-
expert,n,++
extravagant,a,+
extravagantie,n,+
extreem,a,-
extremisme,n,--
ezel,n,-
ezelachtig,a,--
ezelachtigheid,n,--
ezelskop,n,--
ezelsveulen,n,--
faam,n,++
fabelachtig,a,++
fabrieksmerk,n,--
fabuleus,a,++
failliet,a,-
failliet,n,--
falangisme,n,--
fameus,a,++
fan,n,++
fanaticus,n,-
fanatiek,a,+
fanatisme,n,+
fanfare,n,+
fantasieloos,a,--
fantasievol,a,++
fantastisch,a,++
farce,n,--
fascinatie,n,+
fascineren,v,++
fascinerend,a,++
fascisme,n,--
fataal,a,--
fatsoen,n,++
fatsoenlijk,a,++
favorabel,a,++
favoriet,n,++
favoriete,n,++
feestneus,n,+
feestnummer,n,+
feeststemming,n,++
feestvierder,n,++
feestvieren,v,+
feilloos,a,++
feitelijk,a,+
fel,a,-
femme,fatale,n
fenomenaal,a,++
fervent,a,+
festival,n,+
fiasco,n,--
fiat,n,+
fiatteren,v,?
fibrositis,n,-
fier,a,+
fierheid,n,+
figuur,n,-
fijn,a,++
fijnmazig,a,+
fikken,v,-
filister,n,--
filmster,n,++
fingeren,v,-
flagrant,a,+
flair,n,++
flapdrol,n,--
flater,n,--
flatteren,v,+
flauw,a,--
flauwekul,n,--
flauwte,n,-
flessen,v,-
flets,a,--
fleuren,v,++
flexibel,a,+
flierefluiter,n,-
flikken,v,--
flink,a,++
flirt,n,+
flitsend,a,++
floreren,v,++
fluim,n,--
flut,a,--
fnuikend,a,-
fobie,n,-
foef,n,+
foefje,n,+
foetsie,n,-
folteraar,n,--
folteren,v,--
foltering,n,--
fond,n,+
formidabel,a,++
fors,a,+
fortuin,n,+
fout,n,--
foutief,a,--
foutloos,a,++
fraai,a,++
fractuur,n,-
fraude,n,--
frenetiek,a,-
frictie,n,-
frigide,a,-
fris,n,++
frivool,a,++
frons,n,-
frustratie,n,--
frustratoir,a,-
frustreren,v,--
frustrerend,a,--
frutselaar,n,--
fröbelen,v,-
fuifnummer,n,+
fulmineren,v,--
fundamentalisme,n,--
funest,a,-
furie,n,--
furieus,a,-
futloos,a,--
gabber,n,-
galant,n,++
galbak,n,-
galgebrok,n,-
galgenaas,n,-
gammel,a,--
gangmaker,n,++
gangsterliefje,n,-
gans,a,+
gapen,v,-
garantie,n,+
gastarbeider,n,-
gastvrouw,n,+
gat,n,-
geaffecteerd,a,++
geanimeerd,a,++
gearmd,a,+
gearresteerde,n,-
gebeuzel,n,--
gebiedsuitbreiding,n,-
geblokkeerd,a,-
gebrek,n,--
gebrekkig,a,--
gebruiker,n,-
geconcentreerd,a,++
gedaagde,n,--
gedagvaarde,n,-
gedeprimeerdheid,n,--
gederangeerd,a,-
gedesoriënteerd,a,-
gedetineerde,n,-
gedijen,v,+
gedistingeerd,a,+
gedoe,n,--
gedogen,v,-
gedonder,n,-
gedonderjaag,n,-
gedraging,n,-
gedrocht,n,--
geducht,a,-
geduld,n,+
geduldig,a,++
gedurig,a,+
geduvel,n,--
geest,n,+
geestdodend,a,--
geestdrift,n,++
geestdriftig,a,+
geesteszieke,n,--
geestig,a,++
geeuw,n,-
gefemel,n,-
geflipt,a,--
gefortuneerd,a,++
gefrustreerd,a,--
gegarandeerd,a,+
gegoed,a,++
gehakketak,n,--
gehaktbal,n,-
gehard,a,+
geheel,a,+
geheid,a,+
geheiligd,a,++
gehoorzaam,a,++
gehoorzaamheid,n,++
gehoorzamen,v,+
gehucht,n,-
geilpompen,v,--
gein,n,+
geitebreier,n,-
geitenbreier,n,-
gek,a,--
gek,n,--
gekakel,n,--
gekheid,n,-
gekibbel,n,--
gekkenpraat,n,--
gekkenwerk,n,--
geklap,n,+
geklets,n,--
geklier,n,--
gekromd,a,-
gekruid,a,+
gekte,n,--
gekwalificeerd,a,+
gekwek,n,--
geldafpersing,n,-
geldduivel,n,--
geldgod,n,-
geldig,a,+
geldwolf,n,--
geleerd,a,+
geleerde,n,++
gelegenheid,n,+
geleidewapen,n,-
geletterde,n,+
geliefde,n,++
gelijk,a,+
gelijk,n,+
gelijkheid,n,++
gelijkliggen,v,+
gelijkmatig,a,+
gelofte,n,+
geloof,n,+
geloofwaardig,a,++
geloven,v,+
geluidloos,a,++
geluk,n,++
gelukkig,a,++
gelukkige,n,++
geluksvogel,n,++
gelukzak,n,-
gelul,n,--
gemak,n,++
gemakkelijk,a,++
gematigd,a,-
gemenerik,n,--
gemoedelijkheid,n,++
gemoedsrust,n,+
gemotiveerd,a,++
genadeloos,a,--
genadig,a,++
geneesheer,n,++
genegenheid,n,++
geneuzel,n,--
genezen,a,++
genezen,v,++
genie,n,++
genieten,v,+
genocide,n,--
genoeg,a,++
genoegen,n,++
genoeglijk,a,++
genoeglijkheid,n,+
genot,n,++
genotzoeker,n,+
geoefend,a,+
geoefendheid,n,++
geoorloofd,a,++
geouwehoer,n,--
gepassioneerd,a,++
geprikkeldheid,n,--
geraaskal,n,--
gerechtigheid,n,++
gereed,a,+
gericht,a,++
geriefelijk,a,--
gerieven,v,--
gering,a,-
gerucht,n,-
geruchtmakend,a,-
geruisloos,a,+
geruststellen,v,+
geruststelling,n,++
gescheiden,a,-
geschelpt,a,+
geschift,a,--
geschil,n,-
geschillencommissie,n,-
geschuffeld,a,-
gesel,n,--
geselen,v,--
gesjochten,a,-
geslepenheid,n,--
gesmeerd,a,++
gesnedene,n,-
gespannen,a,-
gespecialiseerd,a,++
gespuis,n,--
gestoord,a,--
gestoorde,n,--
getalenteerd,a,++
getikt,a,--
getroebleerd,a,?
getrouwheid,n,+
getto,n,--
geurig,a,+
gevaar,n,-
gevaarlijk,a,--
gevaarvol,a,-
gevangene,n,-
gevangenis,n,--
gevarieerd,a,+
gevecht,n,--
geven,v,+
geverseerd,a,?
gevierd,a,++
gevoelig,a,+
gevoeligheid,n,-
gevoelloos,a,--
gevoelsarm,a,--
gevoelsmatig,a,+
gewaad,n,-
gewauwel,n,--
geweeklaag,n,--
gewelddelict,n,--
geweldenaar,n,--
geweldig,a,++
gewend,a,+
gewenst,a,++
geweten,n,+
gewetenloos,a,--
gewichtigheid,n,+
gewiekstheid,n,+
gewijd,a,++
gewonde,n,--
gewoon,a,+
gewoontjes,a,--
gewrichtsontsteking,n,-
gewrichtspijn,n,-
gewrichtsreuma,n,-
gewrichtsziekte,n,-
gezant,n,+
gezellig,a,++
gezelligheidsdier,n,++
gezet,a,-
gezond,a,++
gezwam,n,--
gezwets,n,--
gezwind,a,+
geëmmer,n,--
geïsoleerd,a,-
giebelen,v,+
giechelen,v,+
gieren,v,+
gierigaard,n,--
gierigheid,n,--
gierstroom,n,-
gif,n,--
gifbeker,n,--
giftig,a,--
gijzelaar,n,--
ginnegappen,v,+
gissing,n,-
glad,a,-
gladgeschoren,a,++
gladjes,a,--
glamour,n,++
glamourgirl,n,+
glans,n,++
glansrijk,a,++
glashelder,a,++
glazig,a,-
glimlachen,v,+
glimmer,n,+
glitter,n,++
glitterrock,n,+
gloed,n,+
glorie,n,++
glos,n,+
gluiper,n,--
gniffelen,v,-
gnuiven,v,-
goddelijk,a,++
goddeloos,a,--
goddeloze,n,--
godgevloekt,a,--
godheid,n,++
godin,n,+
godsbode,n,+
godsgezant,n,+
godsjammerlijk,a,--
godslastering,n,--
godslasterlijk,a,--
godverlaten,a,--
goed,n,+
goedgebekt,a,++
goedheid,n,++
goedkeuren,v,+
goedkeuring,n,+
goedkoop,a,-
goedlachs,a,++
goedlopend,a,++
goedsmoeds,a,++
gokken,v,-
goodwill,n,++
goof,n,+
goorlap,n,--
gortdroog,a,--
goud,n,+
goudmijn,n,++
goudvink,n,+
goudzoeker,n,+
graag,a,++
graag,b,++
graf,n,--
graflucht,n,--
gram,n,-
gramschap,n,--
grand,prix,n
grandeur,n,+
grandioos,a,++
grap,n,+
grappenmaker,n,+
grappig,a,++
gratie,n,++
gratuit,a,-
grauwen,v,-
grenzeloos,a,+
gretig,a,--
gretigheid,n,--
grienerig,a,--
griet,n,-
grieven,v,-
grievend,a,--
griezelig,a,-
grijns,n,++
grijnslachen,v,--
grijnzen,v,+
grijsaard,n,-
grillig,a,-
grimas,n,--
grimlachen,v,+
grimmig,a,--
grinniken,v,+
grobbejanus,n,--
groef,n,-
groen,n,-
groet,n,+
groeten,v,+
grof,a,--
grogstem,n,-
grondig,a,++
grondlegger,n,+
groot,a,+
groot,n,+
grootdoener,n,--
groothartig,a,++
grootheid,n,++
grootmeester,n,++
grootmoedig,a,-
grootsheid,n,+
grootspreken,v,--
grootspreker,n,--
grot,n,-
grotesk,a,++
groteske,n,++
gruwel,n,--
gruweldaad,n,--
gruwelijk,a,--
gruwelijkheid,n,--
gruwzaam,a,--
gul,a,++
gunnen,v,++
gunsteling,n,--
gunstig,a,++
guts,n,+
gênant,a,--
haalbaar,a,++
haantje,n,-
haantje-vooruit,n,--
haantjesgedrag,n,--
haarfijn,a,++
haarklover,n,--
haast,n,-
haasvreter,n,--
haat,n,-
habiel,a,?
hagel,n,-
hakkelen,v,-
half,a,--
halfezel,n,--
halfgaar,a,--
halfgod,n,+
halfluid,a,-
halfslachtig,a,--
halfwijs,a,--
halfzacht,a,-
hallucinatie,n,-
halsstarrig,a,--
halvezool,n,--
handarbeider,n,-
handig,a,++
handvaardig,a,++
hangen,v,-
hangerig,a,--
hangmat,n,+
hannes,n,-
hansworst,n,--
hard,a,-
hard-drug,n,-
harder,n,+
hardhoofdig,a,-
hardliner,n,--
hardnekkig,a,--
haringkaker,n,-
harmonie,n,+
harmonieus,a,++
harmonisch,a,++
harmoniseren,v,++
harmoniëren,v,++
hart,n,+
hartbrekend,a,--
hartedief,n,++
hartediefje,n,++
harteloos,a,--
hartendief,n,++
hartendiefje,n,++
hartje,n,+
hartroerend,a,++
hartstochtelijk,a,++
hartverscheurend,a,-
hartverwarmend,a,++
hatelijk,a,--
haten,v,--
hautain,a,--
have-not,n,--
have-nots,n,--
hebberig,a,--
hebzucht,n,--
hebzuchtig,a,--
hecht,a,+
hechten,v,+
hedonist,n,--
heelmeester,n,++
heengaan,n,--
heer,n,+
heerlijk,a,++
heerlijkheden,n,++
heerlijkheid,n,++
heerschap,n,+
heftig,a,+
heibel,n,--
heiden,n,--
heikneuter,n,--
heil,n,+
heilig,a,++
heiligdom,n,+
heilige,n,++
heiligen,v,+
heiligheid,n,++
heilloos,a,--
heilsleer,n,+
heilsoldaat,n,++
heilssoldaat,n,++
heisa,n,--
heksenmeester,n,-
hel,a,--
hel,n,--
held,n,++
helder,a,++
helderheid,n,++
heldhaftig,a,++
heldhaftigheid,n,+
heldin,n,++
hellend,a,-
helleveeg,n,--
hellevorst,n,--
helper,n,++
hels,a,--
hemel,n,+
hepatitis,n,-
heraldicus,n,++
herenigen,v,++
hereniging,n,+
heresie,n,-
herleven,v,+
heroiek,n,++
heroisch,a,++
heroïneverslaving,n,--
herrie,n,--
herriemaker,n,--
herrieschopper,n,--
herrijzen,v,+
herroepen,v,-
hersenaandoening,n,-
hersenbloeding,n,-
hersenkronkel,n,-
hersenletsel,n,-
hersenschim,n,-
hersenspinsel,n,--
hersenspoelen,v,--
herstel,n,+
herstellen,v,+
hiaat,n,--
high,profile,n
hijgerig,a,-
hilarisch,a,++
hilariteit,n,+
hinder,n,-
hinderen,v,-
hinderlaag,n,-
hinderlijk,a,--
hindernis,n,-
hinderpaal,n,-
hinniken,v,-
hip,n,++
hobbel,n,-
hobbezak,n,--
hoeksteen,n,+
hoempamuziek,n,-
hoempapamuziek,n,-
hoereerder,n,--
hoerenbaas,n,--
hoerenjager,n,--
hoerenloper,n,--
hoffelijk,a,++
hoffelijkheid,n,++
hokjesmentaliteit,n,--
hol,n,-
homo,n,-
hond,n,-
hondelul,n,--
hondenkenner,n,+
hondenlul,n,--
hondsmoeilijk,a,-
honger,n,-
hongerdood,n,--
hongerig,a,-
hongerlijder,n,-
hongersnood,n,--
honneur,n,++
honorabel,a,++
hoofdpijn,n,--
hoofs,a,+
hoogachting,n,+
hooghartig,a,--
hoogmoed,n,--
hoogmoedig,a,--
hoon,n,--
hoopvol,a,++
hopelijk,b,+
hopeloos,a,--
hopen,v,+
hopsen,v,+
horde,n,-
horendol,a,--
hork,n,--
horror,n,-
hospitaalridder,n,++
hospitium,n,+
hostiliteit,n,--
hoteldebotel,a,+
hotemetoot,n,-
hotemetotem,n,-
houden,v,+
hovaardig,a,++
hufter,n,--
huichelaar,n,--
huichelarij,n,--
huiduitslag,n,-
huilen,v,--
huilerig,a,--
huiselijk,a,+
huishoudkundige,n,-
hulde,n,++
hulpeloos,a,--
humanist,n,+
humor,n,++
humorist,n,++
humorloos,a,--
hunkeren,v,+
husselen,v,-
huwelijk,n,+
huwelijksmoeilijkheden,n,--
huwelijksreis,n,+
huwelijkssluiting,n,+
hypocriet,a,--
hypocriet,n,--
hypocrisie,n,--
hysterie,n,-
ideaal,n,++
idealiseren,v,-
idealisme,n,+
idealist,n,+
idee-fixe,n,--
identiek,a,+
idioot,n,--
idiotie,n,--
idiotisme,n,--
iel,a,--
ignorant,a,--
ignorant,n,--
ijlen,v,--
ijver,n,++
ijverig,a,++
ijzersterk,a,++
ijzervreter,n,-
illegaal,a,-
illusie,n,-
illusionair,a,-
illusoir,a,--
imago,n,+
imbeciel,n,--
imitatie,n,-
imitator,n,-
immoreel,a,--
impasse,n,--
impediëren,v,-
implementeren,v,+
imploderen,v,--
impopulair,a,--
importantie,n,+
impotent,a,-
improductief,a,--
impulsief,a,+
inaccuraat,a,--
inactief,a,-
inactiviteit,n,-
inbezitneming,n,-
inbraak,n,-
inbreuk,n,-
incident,n,-
incoherent,a,--
incoherentie,n,-
incompetent,a,--
incompetentie,n,--
inconsequent,a,--
inconsequentie,n,-
inconsistent,a,-
inconsistentie,n,--
incorrect,a,--
indiscretie,n,--
indoctrinatie,n,--
indolent,a,--
indonderen,v,--
indrukwekkend,a,++
ineengedoken,a,-
ineenkrimpen,v,-
ineenkronkelen,v,--
ineenstorting,n,-
ineffectief,a,--
inefficiënt,a,--
inefficiëntie,n,--
inept,a,-
ineptie,n,-
inert,a,-
inertie,n,-
inexact,a,-
inexplicabel,a,?
inferieur,n,--
inferioriteit,n,--
inferno,n,--
infiltrant,n,--
infiltreren,v,-
inflexibel,a,--
infractie,n,-
ingebakken,a,+
ingebeeld,a,-
ingeschapen,a,+
ingesteld,a,+
ingewikkeld,a,-
ingezetene,n,-
ingreep,n,-
inhalig,a,--
inhameren,v,-
inhoud,n,+
inklemmen,v,-
innovatie,n,++
inpikken,v,--
insect,n,-
insekt,n,-
insinueren,v,-
insolvabiliteit,n,-
insolvent,a,-
inspiratie,n,++
inspireren,v,+
instaan,v,++
instabiel,a,--
instabiliteit,n,--
instemming,n,+
insufficiënt,a,--
insult,n,--
insulteren,v,-
intact,a,++
integriteit,n,++
intelligentie,n,+
intensief,a,+
interessant,a,++
interesse,n,++
intiem,a,+
intimidatie,n,--
intimideren,v,--
intimiteit,n,+
intolerant,a,--
intolerantie,n,--
invalide,n,-
invaliditeit,n,-
inventief,a,+
inventiviteit,n,++
invers,a,++
inzicht,n,+
inzinking,n,--
ironie,n,-
ironisch,a,-
irrationeel,a,--
irritant,a,--
irritatie,n,--
irriteren,v,--
isolement,n,-
isoleren,v,-
jachttrofee,n,+
jaloers,a,--
jaloezie,n,-
jammer,a,--
jammer,n,--
jammeren,v,--
jammerlijk,a,--
janboel,n,-
jandoedel,n,--
janken,v,-
januskop,n,--
jengel,n,--
jennen,v,--
jeremiëren,v,--
jeu,n,++
jeugdcriminaliteit,n,--
jeugdig,a,++
jeugdliefde,n,++
jeuk,n,-
jofel,a,++
johannieter,n,-
jojo,n,-
joker,n,+
jolijt,n,++
jubel,n,+
jubelen,v,+
jubelstemming,n,++
judas,n,--
judassen,v,--
juichen,v,++
juist,a,++
juistheid,n,++
junk,n,--
kaaljakker,n,--
kaalplukken,v,-
kaffer,n,--
kakelen,v,--
kakkebroek,n,-
kakkineus,a,--
kalf,n,-
kalfskop,n,-
kalm,a,++
kalmeren,v,-
kalmte,n,+
kameraad,n,++
kameraadschap,n,++
kamp,n,-
kampbeul,n,--
kampen,v,-
kampioen,n,++
kampioenschap,n,+
kanarieneuker,n,--
kanjer,n,++
kanker,n,--
kankeraar,n,--
kankerlijer,n,--
kankerzooi,n,--
kannibaal,n,-
kanon,n,+
kansarm,a,--
kansloos,a,--
kansrijk,a,++
kaperschip,n,-
kapitaalkrachtig,a,+
kapot,a,--
kapotvallen,v,--
kapsoneslijer,n,--
karakterloos,a,--
karikatuur,n,-
karwei,n,+
katalysator,n,+
kattegejank,n,--
katten,v,--
keerzij,n,-
keerzijde,n,--
kei,n,+
keiig,a,+
kelerelijder,n,--
kelerelijer,n,--
kemphaan,n,+
kenner,n,++
kennis,n,+
kennisje,n,-
kenteren,v,+
kerker,n,-
kermen,v,--
kernwapenverdrag,n,-
ketter,n,--
ketterij,n,--
keukenprinses,n,++
keurig,a,++
keutelen,v,--
keuvelen,v,-
kibbelpartij,n,--
kick,n,++
kierewiet,a,--
kieskeurig,a,--
kiezelzuur,n,-
kift,n,-
kille,n,--
killersmentaliteit,n,-
kinderachtig,a,--
kinkhoest,n,-
kirren,v,--
kits,a,+
klaaglied,n,-
klaagstem,n,--
klaagzang,n,-
klaarheid,n,+
klaarkomen,v,+
klacht,n,--
klachten,n,-
klachtencommissie,n,-
klagen,v,--
klager,n,--
klankbord,n,+
klap,n,--
kledderig,a,--
klein,a,-
kleintje,n,-
kleinzielig,a,--
klemmen,v,-
klemmend,a,-
kleppen,v,--
klerelijer,n,--
klerezooi,n,--
klerikalisme,n,-
klessebessen,v,+
klets,n,--
kletsen,v,-
kletskoek,n,--
kletsmeieren,v,-
kletspraat,n,--
kleumen,v,-
kleun,n,-
kleunen,v,-
kleurloos,a,--
kleurrijk,a,++
kleven,v,-
kleverig,a,--
kliek,n,-
klierig,a,--
kloek,a,+
kloof,n,-
kloot,n,--
kloothommel,n,--
klootspiraal,n,--
klootzak,n,--
kloris,n,--
klote,a,--
kloterig,a,--
kloterij,n,--
kloven,v,--
klungel,n,--
klungelen,v,--
klungelig,a,--
kluns,n,--
klunzerig,a,--
klunzig,a,--
knaap,n,+
knakker,n,--
knal,n,-
knap,a,++
knapperig,a,+
knar,n,--
knauwen,v,--
kneus,n,--
kneusje,n,--
knevelarij,n,--
knibbelaar,n,-
kniesoor,n,--
kniezer,n,--
knijpen,v,-
knijper,n,-
knoeien,v,-
knoeier,n,--
knoeierig,a,--
knokig,a,--
knokker,n,++
knor,n,--
knorrepot,n,--
knotsgek,a,--
knudde,a,--
knullig,a,--
knuppel,n,-
knurft,n,--
knus,a,++
knutselen,v,+
koddig,a,+
koe,n,-
koeioneren,v,-
koekebakker,n,-
koekenbakker,n,-
koel,a,-
koesteren,v,+
koffieleut,n,--
kokend,a,-
kolder,n,-
kolderiek,a,+
komediant,n,++
komedie,n,+
komiek,n,+
komisch,a,++
kommaneuker,n,--
kommer,n,--
kommerlijk,a,--
kommervol,a,--
kompaan,n,+
konkelen,v,-
konkelfoezen,v,-
koopje,n,++
koorts,n,-
koortsachtig,a,-
koper,n,+
koploper,n,++
koppig,a,--
koppigheid,n,--
kopschuw,a,--
kopstuk,n,++
kornuit,n,+
kortademig,a,-
kortademigheid,n,-
korteafstandsraket,n,-
kortzichtig,a,--
kortzichtigheid,n,--
korzelig,a,--
korzeligheid,n,--
kostbaar,a,+
kostelijk,a,+
kotsmisselijk,a,--
koud,a,-
kraaien,v,-
kracht,n,+
krachtcentrale,n,-
krachtdadig,a,++
krachteloos,a,--
krachtig,a,+
krachtmens,n,+
krachtpatser,n,-
krakemikkig,a,--
krakkemikkig,a,--
krampachtig,a,-
krankjorum,a,--
krankzinnig,a,--
krankzinnige,n,--
krankzinnigverklaring,n,--
krap,n,-
kregelheid,n,--
kregelig,a,-
kreng,n,--
krenken,v,--
krent,n,--
krentenkakker,n,--
krentenweger,n,-
kreupel,a,--
kribbebijter,n,--
kribbenbijter,n,--
kriebelen,v,-
kriebelig,a,--
kriegelig,a,-
krielhaan,n,--
krielkip,n,--
krijgshaftigheid,n,+
krijgsmacht,n,+
krijgsman,n,+
krikkemikkig,a,--
kritiek,n,-
krocht,n,-
krom,a,-
kromliggen,v,-
krompraten,v,--
kroonlid,n,+
kroonluchter,n,+
kruimig,a,+
kruistocht,n,--
krukkig,a,--
krullenbol,n,+
kuiken,n,-
kuikensekser,n,--
kuis,a,+
kuisen,v,--
kul,n,--
kunde,n,++
kundig,a,++
kundigheid,n,++
kunnen,v,+
kunst-en-vliegwerk,n,+
kunstgreep,n,-
kunstje,n,-
kunstleer,n,-
kunstlied,n,++
kus,n,++
kut,a,--
kuttekop,n,--
kuttenkop,n,--
kwaad,n,--
kwaadaardig,a,--
kwaadaardigheid,n,--
kwaaddoener,n,--
kwaal,n,--
kwal,n,-
kwalificeren,a,++
kwast,n,-
kwasterig,a,--
kwastig,a,--
kwatsch,n,--
kwebbelen,v,--
kwekkebekken,v,--
kwekken,v,--
kwellen,v,--
kwestie,n,-
kwestieus,a,--
kwetsbaar,a,-
kwetsen,v,--
kwetteren,v,--
kwezel,n,--
kwezelarij,n,--
kwibus,n,--
kwiek,a,++
kwijnend,a,-
laag,a,-
laag,n,-
laaghartig,a,--
laaiend,a,--
laakbaar,a,--
labbekak,n,--
labiel,a,--
lachen,v,++
laconiek,a,--
lacune,n,-
lacuneus,a,+
lady-like,a,+
ladylike,a,+
laf,a,--
laks,a,--
lam,a,-
lam,n,-
lame,n,--
lamentabel,a,--
lamenteren,v,-
lamgat,n,--
lamheid,n,--
lamlendig,a,--
lammeling,n,--
lamstraal,n,--
lamzak,n,--
lamzalig,a,--
lanceren,v,+
landerig,a,--
landerigheid,n,-
landrat,n,--
langdradig,a,--
langzaam,a,-
lanterfant,n,--
lanterfanter,n,--
lapzwans,n,--
larie,n,--
lariekoek,n,--
larmoyant,a,+
last,n,--
laster,n,--
lasterlijk,a,--
lastgever,n,--
lastig,a,--
lastpak,n,--
lauw,a,--
lawaaimaker,n,--
lawaaischopper,n,--
lazarus,a,-
lazeren,v,--
lazersteen,n,--
leed,n,--
leefbaar,a,++
leeg,a,-
leeghoofd,n,--
leeglopen,v,-
leegloper,n,-
leegte,n,-
leek,n,-
leemte,n,-
leep,a,--
leepheid,n,-
leerzaam,a,++
leesbaar,a,++
leeuw,n,-
leeuwenkuil,n,--
lef,n,++
lefgozer,n,++
legioen,n,-
leider,n,+
leidersfiguur,n,+
lek,n,-
lekkage,n,-
lekker,a,++
lekkernij,n,+
lekkers,n,+
lelijk,a,--
lelijkerd,n,--
lelijkheid,n,--
lellen,v,-
lenigheid,n,+
leprozenhuis,n,-
leraar,n,+
lessen,v,+
lethargie,n,--
lethargisch,a,--
leugen,n,--
leugenaar,n,--
leugenachtig,a,--
leuk,a,++
leunen,v,+
leuren,v,-
leuteren,v,--
leuterkoek,n,--
leuterpraat,n,--
leutig,a,--
leven,n,+
levendig,a,++
levendigheid,n,++
levensader,n,+
levenservaring,n,++
levensgenieter,n,++
levenskracht,n,++
levenskrachtig,a,++
levenskunstenaar,n,+
levenslang,a,--
levensstandaard,n,+
levensvatbaarheid,n,+
liberalisme,n,+
licht,a,+
licht,n,++
lichtgelovig,a,-
lichtvoetig,a,++
lief,n,++
liefdadigheid,n,+
liefde,n,+
liefdeloos,a,--
liefelijk,a,++
liefelijkheid,n,++
liefhebben,v,+
liefhebber,n,++
liefhebberen,v,++
liefje,n,++
lieflijkheid,n,++
liefste,n,++
lieftallig,a,++
liegen,v,-
lieveling,n,++
lieverd,n,++
lieverdje,n,++
lift,n,+
lijden,n,-
lijden,v,--
lijdensweg,n,--
lijder,n,+
lijfeigene,n,-
lijnrecht,a,-
lijp,a,--
lijp,n,-
lijpo,n,--
lijvig,a,-
lispelen,v,-
list,n,+
listig,a,+
litanie,n,--
litteken,n,-
lobbesachtig,a,+
loeder,n,--
loeier,n,-
loeigoed,a,++
loffelijk,a,++
lofwaardig,a,++
lol,n,++
lolbroekerij,n,+
lolmaker,n,++
lomperd,n,--
lomperik,n,--
lonend,a,++
loon,n,+
losbandig,a,-
losbol,n,-
loser,n,--
losgaan,v,+
losgeslagen,a,--
loshoofd,n,--
losjes,a,+
losraken,v,-
louche,a,--
loven,v,++
lovenswaardig,a,++
lover,n,++
loyaliteit,n,++
luchthart-treurniet,n,+
luchthartig,a,++
luchtig,a,+
lucratief,a,-
luguber,a,--
lui,a,--
lui,n,--
luiaard,n,--
luister,n,+
luistervink,n,-
luizig,a,--
lul,n,--
lulhannes,n,--
lulkoek,n,--
lullen,v,--
lulletje,n,--
lullig,a,--
lummel,n,--
lust,n,+
lusteloos,a,--
lusteloosheid,n,--
luxe,a,++
luxe,n,++
luxeuitvoering,n,+
luxueus,a,-
maagkatheter,n,-
maagsonde,n,-
maalsteen,n,-
macho,n,--
machteloos,a,-
machtspreuk,n,-
machtswellusteling,n,--
maf,a,--
maffialid,n,--
maffioso,n,--
mafkees,n,--
mafketel,n,--
mafkikker,n,--
mager,a,-
magertjes,a,--
magistraat,n,+
majesteit,n,+
maker,n,++
makkelijk,a,+
makker,n,++
mal,n,--
malaise,n,--
malheur,n,--
malicieus,a,?
maligne,a,-
malloot,n,--
mallotig,a,--
mamma-amputatie,n,--
manco,n,--
maniak,n,--
manie,n,--
manifest,a,+
manipulatie,n,--
manipuleren,v,--
manisch,a,-
mankeren,v,-
manwijf,n,--
marginaal,a,++
marionet,n,-
martelaar,n,++
martelaarschap,n,-
martelaarsgezicht,n,+
martelen,v,--
mateloos,a,--
materialisme,n,-
materialist,n,--
matig,a,--
matiging,n,+
maximaliseren,v,+
mazen,v,-
mazzel,n,++
mazzelaar,n,+
mazzelkont,n,++
mededogen,n,++
medelander,n,+
medeleven,n,++
medeplichtig,a,--
mediocre,a,-
meedoen,v,+
meedogenloos,a,--
meelijwekkend,a,--
meester,n,+
meesteres,n,+
meesterlijk,a,++
meesterschap,n,++
meevoelen,v,+
meewerken,v,+
mefistofelisch,a,-
meid,n,-
melancholie,n,-
melodieus,a,++
meningsverschil,n,-
menselijkheid,n,+
mensenmassa,n,-
mensenschuw,a,--
mensenzee,n,-
mentor,n,+
merkwaardig,a,-
mes,n,-
mesjoche,a,--
mesjokke,a,--
meute,n,-
middelen,v,+
middelmatig,a,-
middelmatigheid,n,-
middenweg,n,+
miereneuker,n,--
mierenneuker,n,--
miesgasser,n,-
mieters,a,--
mietje,n,--
miezerig,a,--
mijnengevaar,n,--
mijnheer,n,+
mijnopruimingsdienst,n,-
mild,a,+
miljonair,n,+
miltontsteking,n,-
minachting,n,--
minder,a,--
minder-valide,a,-
minderbedeelde,n,-
mindere,n,--
mindervalide,a,-
minderwaardig,a,--
minimumloner,n,--
minkukel,n,--
minnaar,n,-
minnen,v,+
minpunt,n,--
minutieus,a,++
miosis,n,-
mirakels,a,+
mis,a,-
misbruik,n,--
misdeelde,n,-
misdragen,v,--
misdraging,n,--
misdrijf,n,--
miserabel,a,-
miserie,n,--
misfit,n,-
misgreep,n,--
misgrijpen,v,-
mishagen,n,--
mishandeling,n,--
miskleun,n,--
misleiden,v,-
misleiding,n,--
mislukking,n,--
misplaatst,a,--
misprijzen,n,--
mispunt,n,--
misrekenen,v,--
misrekening,n,--
misselijk,a,-
misselijkmakend,a,--
missen,v,-
misser,n,--
misslag,n,--
mistrouwig,a,--
misvatting,n,--
misverstand,n,-
misère,n,-
mobiliteit,n,+
modaal,a,+
modderig,a,-
modereren,v,-
modern,a,++
modieus,a,++
moed,n,++
moeder,n,+
moederlief,n,++
moedig,a,++
moeheid,n,-
moeial,n,-
moeilijk,a,-
moeite,n,-
moeiteloos,a,++
moeitevol,a,-
moeizaam,a,--
moeke,n,-
moeras,n,-
moerasdamp,n,-
moerhaas,n,--
moes,n,-
moeten,v,-
moffelen,v,-
mokkel,n,-
mompelen,v,-
mondigheid,n,+
monotonie,n,-
monster,n,-
monumentaal,a,++
mooi,a,++
moord,n,-
moorddadig,a,--
moordenaar,n,-
moordtuig,n,--
mop,n,+
mopperaar,n,--
mopperen,v,--
mopperkont,n,--
mopperpot,n,--
moraliseren,v,-
moralisme,n,-
moraliteit,n,+
morbide,a,?
morsen,v,-
mot,n,-
motivatie,n,+
motiveren,v,+
motivering,n,+
motten,v,--
moven,v,-
muggenzifter,n,--
muggeziften,v,--
muggezifter,n,-
murmelen,v,--
murw,a,-
mysterieus,a,+
mystiekerig,a,-
mystificatie,n,-
mythe,n,-
naam,n,+
naar,a,--
naargeestig,a,--
naarling,n,--
naarstig,a,-
naast,a,-
nababbelen,v,+
nachtmerrie,n,--
nadeel,n,-
nadelig,a,--
nadenken,v,+
naieveling,n,--
nakomen,v,+
nalatig,a,--
nalatigheid,n,--
naleven,v,+
nar,n,-
nasi,n,--
nationalisme,n,-
natuurlijk,a,+
nauw,n,-
nauwgezet,a,++
nauwkeurig,a,++
naïef,a,--
nederig,a,-
nederigheid,n,+
nederlaag,n,--
neerslachtig,a,--
neerslachtigheid,n,--
neerslag,n,-
neervellen,v,-
neervlijen,v,+
negatie,n,-
negatief,n,--
negeren,v,-
nek-aan-nekrace,n,+
nekkramp,n,-
nemen,v,-
nemesis,n,--
neokolonialisme,n,--
neonazi,n,--
nep,n,--
nero,n,-
nerveus,a,--
nervositeit,n,-
netjes,a,++
neuken,v,-
neurotisch,a,--
neuskegel,n,-
neutraliseren,v,-
neuzelen,v,--
neveneffect,n,-
nichtenrock,n,--
niet,n,--
niet-ingezetene,n,-
nietsbetekenend,a,--
nietsnut,n,--
nieuwjaarsbijeenkomst,n,+
nieuwsgierig,a,++
nijd,n,-
nijdig,a,--
niksnakker,n,--
niksnut,n,--
nirvana,n,++
nitwit,n,?
nix,n,-
nodeloos,a,--
nodig,a,+
nokken,v,-
nonchalant,a,+
nonsens,n,--
nood,n,-
noodhulp,n,-
noodlottig,a,--
normaal,n,+
notabel,a,++
nut,n,+
nutteloos,a,--
nuttig,a,++
o.k.,a,++
object,n,-
objectief,n,+
obsceen,a,--
obsceniteit,n,--
obscuriteit,n,-
obscuur,a,+
obsederen,v,--
obsessie,n,--
obstakel,n,-
obstinaat,a,?
oelewapper,n,--
oen,n,--
oersaai,a,--
oervervelend,a,--
oetlul,n,--
offensief,n,--
offer,n,-
offeren,v,-
offreren,v,++
okay,a,+
okido,a,++
oké,a,++
old-timer,n,+
oliebol,n,-
ombrengen,v,-
omhaal,n,-
omhaling,n,+
omhelzen,v,+
omissie,n,--
omkomen,v,--
omkoopbaar,a,--
omlaag,b,-
omliggen,v,-
omschieten,v,-
omschoppen,v,--
omslachtig,a,--
omsluieren,v,-
omtuimelen,v,-
omvallen,v,-
omverschoppen,v,-
onaandoenlijk,a,--
onaangenaam,a,--
onaangenaamheden,n,--
onaangenaamheid,n,--
onaantrekkelijk,a,--
onaanvaardbaar,a,--
onaanzienlijk,a,--
onaardig,a,--
onachtzaam,a,--
onafhankelijkheid,n,+
onaneren,v,-
onappetijtelijk,a,--
onbaatzuchtig,a,++
onbarmhartig,a,--
onbeduidend,a,-
onbeduidendheid,n,--
onbegeerd,a,--
onbegrijpelijk,a,--
onbegrip,n,-
onbehaaglijk,a,-
onbehagen,n,--
onbehendig,a,--
onbeholpen,a,--
onbehoorlijkheid,n,--
onbekend,a,-
onbekendheid,n,-
onbekwaam,a,--
onbekwaamheid,n,--
onbelangrijk,a,-
onbeleefd,a,--
onbelemmerd,a,+
onbenul,n,-
onbenulligheid,n,--
onbeperkt,a,+
onberedeneerd,a,--
onberispelijk,a,++
onberoerd,a,+
onbeschaafd,a,--
onbeschaamd,a,--
onbescheiden,a,-
onbeschrijfelijk,a,-
onbetaalbaar,a,--
onbetamelijk,a,--
onbetamelijkheid,n,--
onbetekenend,a,--
onbeteugeld,a,-
onbetrouwbaar,a,--
onbetrouwbaarheid,n,--
onbetwistbaar,a,+
onbevoegde,n,-
onbevoegdheid,n,-
onbevredigend,a,--
onbezwaard,a,+
onbillijk,a,--
onbillijkheid,n,--
onbuigbaarheid,n,-
onbuigzaam,a,--
oncomfortabel,a,--
onconventioneel,a,-
ondankbaar,a,--
ondankbaarheid,n,--
ondenkbaar,a,-
onderbreking,n,-
onderbroekelol,n,-
onderbroken,a,-
onderdak,n,+
onderdeur,n,--
onderdeurtje,n,--
onderdoen,v,-
onderdrukken,v,+
onderdrukking,n,--
ondergaan,v,-
ondergang,n,--
ondergeschikt,a,--
ondergeschikte,n,--
ondergewaardeerd,a,--
ondergraven,v,--
ondergronds,a,-
onderhoudend,a,++
onderkruiper,n,--
onderkruipsel,n,--
onderlegd,a,++
ondermaats,a,--
ondermijnen,v,-
ondernemend,a,++
ondernemer,n,+
onderschatten,v,-
onderschatting,n,-
onderscheidend,a,+
ondersteunen,v,++
onderuitgaan,v,--
ondervoed,a,-
onderwerpen,v,-
onderwerping,n,--
onderworpen,a,-
ondeskundig,a,--
ondeugdelijk,a,--
ondeugend,a,-
ondienstig,a,--
ondoelmatigheid,n,--
ondoordringbaar,a,--
ondoorzichtig,a,+
ondubbelzinnig,a,++
onduidelijk,a,--
oneerbaar,a,--
oneerlijk,a,--
oneerlijkheid,n,--
oneetbaar,a,--
oneigenlijk,a,-
onenigheid,n,-
onervaren,a,--
onervarenheid,n,-
onesthetisch,a,--
onethisch,a,--
onevenwicht,n,--
onevenwichtig,a,--
onfatsoenlijk,a,--
onfatsoenlijkheid,n,--
onfeilbaar,a,++
onfris,a,--
ongebroken,a,+
ongebruikelijk,a,-
ongecompliceerd,a,++
ongecoördineerd,a,--
ongedeerd,a,++
ongeduld,n,--
ongeduldig,a,--
ongedurig,a,-
ongedurigheid,n,-
ongefundeerd,a,+
ongegeneerd,a,--
ongegrond,a,--
ongehoorzaam,a,--
ongehoorzaamheid,n,--
ongekunsteldheid,n,++
ongekwalificeerd,a,--
ongeldig,a,--
ongelegen,a,--
ongelijkheid,n,-
ongelofelijk,a,-
ongeloof,n,-
ongelooflijk,a,-
ongelovig,a,--
ongeluk,n,--
ongeluksvogel,n,-
ongemak,n,--
ongemakkelijk,a,--
ongemanierd,a,--
ongemerkt,a,-
ongemotiveerd,a,--
ongenadig,a,-
ongenoegen,n,-
ongenoegzaam,a,--
ongeorganiseerd,a,--
ongepast,a,--
ongepastheid,n,--
ongepermitteerd,a,--
ongerechtigheid,n,--
ongerechtvaardigd,a,--
ongeregeld,a,--
ongeriefelijk,a,--
ongerijmdheid,n,+
ongerust,a,-
ongerustheid,n,-
ongeschikt,a,--
ongetraind,a,--
ongetwijfeld,a,+
ongeval,n,--
ongevallig,a,--
ongevoeglijk,a,--
ongevoelig,a,--
ongevoeligheid,n,--
ongewenst,a,--
ongewettigd,a,--
ongezellig,a,--
ongezond,a,--
ongrondwettig,a,--
ongunstig,a,--
onguur,a,--
onhaalbaar,a,-
onhandig,a,--
onhandigheid,n,--
onheil,n,--
onheilspellend,a,--
onherstelbaar,a,--
onhoffelijk,a,--
onhoudbaar,a,--
oningewijde,n,--
onintelligent,a,--
oninteressant,a,--
onjuist,a,--
onkuis,a,-
onkunde,n,--
onkwetsbaar,a,++
onlogisch,a,-
onmachtig,a,-
onmatig,a,--
onmeedogend,a,--
onmens,n,--
onmenselijkheid,n,--
onmin,n,--
onmisbaar,a,++
onmogelijk,a,--
onnatuurlijk,a,-
onnauwkeurig,a,--
onnauwkeurigheid,n,--
onnet,a,--
onnodig,a,--
onnozel,a,--
onnut,a,--
onomkoopbaar,a,++
onontkoombaar,a,-
onooglijk,a,--
onoorbaar,a,--
onoordeelkundig,a,--
onophoudelijk,a,-
onoprecht,a,--
onordelijk,a,--
onoverkomelijk,a,--
onoverwinnelijk,a,++
onpartijdig,a,++
onpartijdigheid,n,++
onpersoonlijk,a,--
onplezierig,a,--
onpraktisch,a,--
onprettig,a,--
onrealistisch,a,--
onrecht,n,-
onrechtmatig,a,--
onrechtmatigheid,n,--
onrechtvaardig,a,--
onrechtvaardigheid,n,--
onredelijk,a,--
onredelijkheid,n,--
onregelmatigheid,n,-
onrendabel,a,--
onrust,n,--
onrustbarend,a,--
onrustig,a,-
onruststoker,n,--
onrustzaaier,n,--
onsamenhangend,a,--
onsamenhangendheid,n,--
onschendbaar,a,++
onschuld,n,++
onschuldig,a,++
onsmakelijk,a,--
onsolide,a,-
onstabiel,a,--
onstandvastig,a,--
onstuimig,a,--
ontaarden,v,-
ontaarding,n,-
ontberen,v,-
ontberingen,n,-
ontbindbaar,a,--
ontbinding,n,-
ontbreken,v,-
ontdaan,a,-
ontdoen,v,-
ontduiken,v,--
onteigenen,v,-
onteigening,n,-
onterecht,a,--
onterend,a,--
ontevreden,a,--
ontevredenheid,n,--
ontgoocheld,a,--
ontheffen,v,+
onthouden,v,+
onthutst,a,--
ontkennen,v,--
ontketenen,v,-
ontmoedigen,v,-
ontmoedigend,a,--
ontoegankelijk,a,--
ontoelaatbaar,a,--
ontoereikend,a,--
ontoereikendheid,n,--
ontploffen,v,-
ontraden,v,-
ontrafelen,v,+
ontredderd,a,--
ontroerend,a,+
ontrouw,a,--
ontrouw,n,-
ontslaan,v,-
ontslag,n,-
ontsluiten,v,+
ontspannen,a,+
ontsteld,a,--
ontsteltenis,n,-
onttrekken,v,-
ontwapenen,v,+
ontwijken,v,-
ontwijkend,a,--
ontwijkend,v,-
ontwikkeling,n,++
ontwikkelingssamenwerking,n,+
ontwrichting,n,--
ontzag,n,+
ontzagwekkend,a,--
ontzeggen,v,--
ontzet,a,-
ontzet,n,--
ontzetten,v,-
ontzettend,a,--
ontzetting,n,--
ontzind,a,--
onuitwisbaar,a,++
onvakkundig,a,--
onveilig,a,--
onveiligheid,n,--
onverantwoord,a,--
onverantwoordelijk,a,--
onverbeterlijk,a,++
onverbiddelijk,a,--
onverdedigbaar,a,--
onverdroten,a,+
onverenigbaar,a,--
onverenigbaarheid,n,-
onvergeeflijk,a,--
onvergelijkbaar,a,+
onverhoeds,a,-
onverhoopt,a,--
onverlaat,n,--
onvermijdelijkheid,n,-
onvermogen,n,-
onvermurwbaar,a,++
onverschillig,a,--
onverschilligheid,n,--
onverschrokkenheid,n,+
onverstaanbaar,a,--
onverstandig,a,--
onvervreemdbaar,a,++
onverwoestbaar,a,++
onverzekerd,a,-
onverzettelijk,a,-
onverzorgd,a,--
onvoldoende,a,--
onvoldoende,n,--
onvolledig,a,-
onvoltooid,a,-
onvolwaardigheid,n,--
onvolwassen,a,--
onvoorbereid,a,--
onvoordelig,a,--
onvoorspelbaar,a,-
onvoorstelbaar,a,+
onvoorzichtig,a,--
onvoorzien,a,-
onvrede,n,--
onvriendelijk,a,--
onvrijwillig,a,-
onvruchtbaar,a,-
onwaar,a,--
onwaardig,a,--
onwaarschijnlijk,a,-
onwaarschijnlijkheid,n,--
onwankelbaar,a,++
onweerlegbaar,a,++
onweerstaanbaar,a,++
onwelgevallig,a,-
onwelkom,a,-
onwelriekend,a,--
onwelvoeglijkheid,n,-
onwenselijk,a,--
onwerkbaar,a,--
onwetend,a,-
onwetendheid,n,--
onwettig,a,--
onwijs,a,++
onwil,n,-
onwillig,a,-
onwrikbaar,a,-
onzalig,a,--
onzedelijk,a,--
onzedig,a,--
onzeker,a,--
onzelfzuchtig,a,++
onzin,n,--
onzuiver,a,--
oomzegger,n,-
oomzegster,n,-
oord,n,-
oordeelkundig,a,+
oorlog,n,-
oorlogsjaar,n,-
oorlogskerkhof,n,--
oorspronkelijkheid,n,++
opbouw,n,+
opbreken,v,-
opdonder,n,--
opdonderen,v,--
opdondertje,n,+
opdraven,v,-
opduvelen,v,--
open,a,+
openbaring,n,++
openblijven,v,++
openhartigheid,n,+
openheid,n,+
openlijk,a,+
opfleuren,v,+
opflikkeren,v,--
opgeblazen,a,-
opgejaagd,a,--
opgejaagdheid,n,--
opgelaten,a,--
opgelucht,a,++
opgewonden,a,+
ophef,n,-
opheffing,n,-
ophemelen,v,+
ophikken,v,-
ophitsen,v,--
ophoepelen,v,--
ophoesten,v,-
opinie,n,+
opkomen,v,+
opkramen,v,-
opkrassen,v,--
opladen,v,+
oplazeren,v,--
oplebberen,v,--
opleggen,v,--
oplepelen,v,-
opmerkelijk,a,+
opmieteren,v,--
opnemen,v,+
opperbest,a,++
oppervlakkig,a,--
oppervlakkigheid,n,-
opportunisme,n,+
opportuun,a,+
oppressie,n,--
oprechtheid,n,+
oprichter,n,+
oproer,n,-
oproerkraaier,n,--
oprotten,v,--
opruier,n,--
oprukken,v,+
opscheppen,v,-
opschepper,n,--
opschorten,v,-
opschudding,n,--
opslobberen,v,--
opsluiten,v,-
opsnijder,n,--
opsodemieteren,v,--
opstand,n,-
opstandig,a,-
opstap,n,+
opstapje,n,+
opstappen,v,-
optater,n,--
optimaal,a,++
optimisme,n,++
optimistisch,a,++
optrekje,n,+
opvallend,a,+
opwachten,v,-
opwinden,v,-
opwindend,a,++
opwinding,n,+
opzuipen,v,-
oranje,n,+
ordelijk,a,++
ordelijkheid,n,++
ordeloos,a,--
ordeloosheid,n,--
originaliteit,n,+
origineel,a,++
origineel,n,++
ostensibel,a,-
oubollig,a,--
ouderen,n,-
oudje,n,-
oudwijf,n,--
outcast,n,--
ouwehoeren,v,--
ovatie,n,++
overbemesting,n,-
overbluffen,v,-
overbodig,a,--
overdonderen,v,-
overdone,a,--
overdreven,a,--
overdrijven,v,--
overdrijving,n,--
overduidelijk,a,+
overeenkomst,n,+
overeenstemming,n,++
overgaan,v,+
overgelukkig,a,--
overgeven,v,-
overgevoelig,a,--
overhalen,v,+
overhandigen,v,+
overheersing,n,--
overkill,n,--
overkomen,v,-
overlast,n,--
overleven,v,+
overleveren,v,-
overlevingspensioen,n,-
overmannen,v,-
overmatig,a,--
overmeesteren,v,+
overreden,v,+
overrompelen,v,-
overrulen,v,-
overschaduwen,v,+
overschatting,n,-
overschot,n,+
overschrijding,n,--
oversized,a,-
overstelpen,v,-
overstroming,n,--
overtreder,n,--
overtreding,n,-
overtreffen,v,++
overtrokken,a,-
overtuigen,v,+
overtuigend,a,++
overtuiging,n,++
overvloed,n,++
overvloedig,a,++
overvloeiing,n,-
overwaaien,v,-
overweldigen,v,++
overwerken,v,-
overwerkt,a,--
overwicht,n,-
overwinnaar,n,++
overwinnen,v,++
overwinning,n,++
paardelul,n,--
paardenlul,n,--
paasdrukte,n,-
pacifist,n,-
pafzak,n,--
paljas,n,-
paniek,n,--
paniekerig,a,--
paniekzaaier,n,--
panorama,n,+
pappen,v,--
papperig,a,--
papzak,n,--
paradoxaal,a,-
paranoia,n,--
paranoïde,a,--
parapsycholoog,n,-
parasiet,n,--
paria,n,--
parkeerbon,n,-
parodie,n,-
partijdig,a,--
partijdigheid,n,--
partner,n,+
passen,v,+
passend,a,++
passie,n,++
passiviteit,n,-
patent,n,+
patiënt,n,-
patjakker,n,--
patjepeeer,n,?
patricisch,a,-
patsen,v,--
patser,n,--
patstelling,n,--
pauper,n,--
pauweveer,n,+
peacekeeper,n,++
pech,n,--
pechvogel,n,--
pedant,a,--
pedanterik,n,?
pederast,n,-
pedo,n,--
penthouse,n,+
peperduur,a,--
perfect,a,++
perfectie,n,++
perfectionistisch,a,+
perfide,a,?
perkeloos,a,++
permitteren,v,+
perplex,a,-
persen,v,-
perseveratie,n,-
persoonlijkheid,n,+
pervers,a,--
perversie,n,--
perversiteit,n,--
pessimisme,n,-
pessimistisch,a,--
pest,n,-
pesten,v,-
pesticide,n,-
pestilent,a,-
peuteraar,n,--
pezewever,n,--
pias,n,?
pief,n,-
piekfijn,a,++
piepen,v,-
pieremachochel,n,-
pierewaaier,n,-
pierewiet,n,--
pieteit,n,+
pietepeuter,n,--
pietepeuteraar,n,--
pieterig,a,--
pietjesneuker,n,--
pietlut,n,--
pijler,n,+
pijn,n,--
pijnbank,n,--
pijnigen,v,--
pijnlijk,a,--
pijnloos,a,+
pijnpunt,n,--
pijpenla,n,-
pillendraaier,n,-
pionieren,v,+
pis,n,-
pisnijdig,a,--
pissig,a,--
pit,n,+
pitloos,a,--
pittig,a,+
plaag,n,--
plaatje,n,+
placide,a,+
plagen,v,--
plakken,v,-
platenbijbel,n,+
platgaan,v,-
platgeschoren,a,-
platheid,n,-
platliggen,v,-
plausibel,a,++
plebejer,n,--
pleger,n,--
pleitbezorger,n,-
pleite,a,-
pleiter,n,-
pleura,n,-
pleurislijder,n,--
plezant,a,++
plezier,n,++
plezierig,a,++
ploert,n,--
ploeteren,v,-
plomperd,n,--
plooibaarheid,n,+
pluche,n,-
pluim,n,++
pluimen,v,+
pluimpje,n,+
plunderen,v,-
plundering,n,--
plurk,n,--
pluspool,n,+
pochen,v,--
pocher,n,--
pochhans,n,--
poeha,n,--
poehamaker,n,--
poeperd,n,+
poespas,n,--
poetslap,n,-
pokkenlijder,n,--
pokkenlijer,n,--
pokkenvent,n,--
polarisatie,n,--
polemiseren,v,--
pooier,n,--
poppenkast,n,-
populair,a,++
populariteit,n,++
positief,n,++
poten,n,--
potent,a,+
potentaat,n,--
potentie,n,++
potschrap(p)er,n,-
potschraper,n,-
potsierlijkheid,n,--
pottenkijker,n,--
poëtisch,a,++
praal,n,+
praalhans,n,--
praatjesmaker,n,--
pracht,n,++
prachtig,a,++
prachtstuk,n,++
practicus,n,+
pragmaticus,n,+
pragmatisch,a,+
precisie,n,++
predispositie,n,-
preken,v,-
premie,n,+
pressie,n,-
presteren,v,+
prestige,n,+
prestigieus,a,++
pret,n,+
pretentie,n,-
pretentieus,a,-
pretmaker,n,+
prettig,a,++
prevelen,v,-
prijs,n,++
prijselijk,a,++
prijswinnaar,n,++
prijzenswaard,a,++
prijzenswaardig,a,++
prijzig,a,--
prikkelen,v,+
prima,a,++
primitief,n,-
principaal,n,+
privilege,n,+
pro,n,+
probleem,n,--
probleemloos,a,++
problematisch,a,--
productie,n,+
productief,a,++
produktief,a,++
proefkonijn,n,-
proesten,v,++
prof,n,++
professional,n,++
profijtelijk,a,++
profitabel,a,+
profiteur,n,--
proleet,n,-
prominent,n,+
prominentie,n,+
promotor,n,+
prompt,a,+
prompt,n,+
pronkziek,a,--
pronkzuchtig,a,--
propaganda,n,-
propositie,n,+
propriëteit,n,+
prosperiteit,n,++
prostituant,n,-
protectionist,n,-
protest,n,-
protser,n,-
provocateur,n,-
provocatie,n,-
provoceren,v,-
prulleboel,n,--
prullenboel,n,--
prut,a,--
pruts,n,--
prutsen,v,--
prutser,n,--
puik,a,++
puinhoop,n,--
pulverig,a,-
pummel,n,--
puntgaaf,a,++
quatsch,n,--
quoteren,v,-
raadgever,n,+
raadselachtig,a,-
raadzaam,a,++
raak,a,++
raar,a,--
raaskallen,v,--
rabiaat,a,?
racisme,n,-
racistisch,a,--
raddraaier,n,--
radicaal,a,--
radicaal,n,--
radicalisering,n,--
raffinement,n,-
raffineren,v,+
rage,n,-
raisonnabel,a,++
raken,v,-
raketwerper,n,-
ram,n,-
rammen,v,-
ramp,n,--
rampspoed,n,--
rampspoedig,a,-
rampzalig,a,--
randinzinking,n,--
rap,n,+
rare,n,--
raspaardje,n,++
rasploert,n,--
rat,n,-
ratelen,v,-
rationaliseren,v,+
rationaliteit,n,+
rationeel,a,++
raudauwer,n,+
ravage,n,--
ravijn,n,-
razen,v,-
razend,a,--
razernij,n,--
realiseerbaar,a,+
realiseren,v,+
realisering,n,+
realist,n,++
realistisch,a,+
rebels,a,--
recalcitrant,a,?
recessie,n,--
recht,a,+
recht,n,+
rechtbreien,v,-
rechten,n,+
rechter,a,+
rechter,n,+
rechterlijk,a,+
rechtlijnig,a,+
rechtmatig,a,++
rechtop,b,+
rechtskundige,n,+
rechtvaardig,a,++
rechtvaardigen,v,+
rechtvaardigheid,n,++
reconcilieren,v,?
rectificatie,n,-
rectificeren,v,-
reddingsploeg,n,+
rede,n,+
redelijk,a,++
redundant,a,-
redundantie,n,--
referent,n,+
refractair,a,?
regelaar,n,+
regentenkamer,n,-
regressie,n,-
rehabiliteren,v,++
rein,a,++
reinigen,v,+
reischeque,n,+
relaxen,v,+
relevant,a,++
relevantie,n,+
rellen,v,-
remming,n,-
rendabel,a,+
rendabiliteit,n,+
renommee,n,+
renonceren,v,-
renovatie,n,+
renoveren,v,+
rentabiliteit,n,+
rentenieren,v,+
repareren,v,++
representant,n,+
repressie,n,--
reprimande,n,--
reprobatie,n,-
repulsie,n,--
respect,n,++
respectabel,a,++
respectvol,a,++
respijt,n,-
restant,n,-
restauratie,n,+
retoriek,n,-
retraite,n,+
reumatiek,n,-
reusachtig,a,+
reuze,a,++
reuze-,a,++
reuzekerel,n,++
reuzenkerel,n,+
revalidatie,n,+
revalueren,v,+
revitaliseren,v,++
revival,n,+
ridder,n,+
ridderlijkheid,n,++
ridicuul,a,-
riemslag,n,--
rigide,a,-
rijk,n,++
rijkaard,n,-
rijkdom,n,+
rijkdommen,n,++
rijke,n,++
rijkelijk,a,++
rijp,n,+
rillen,v,-
rinkelrooier,n,--
riool,n,-
ris,n,-
risico,n,-
riskant,a,-
rivaal,n,-
rivaliteit,n,-
riviergod,n,+
roddelen,v,--
roekeloos,a,--
roekeloosheid,n,--
roep,n,+
roerend,a,++
roerig,a,-
roerigheid,n,--
roes,n,-
roestvrij,a,+
romannetje,n,-
romantisch,a,++
rommel,n,--
rommelen,v,-
rommelig,a,-
rommelzooi,n,--
rondspoken,v,-
rondvaart,n,+
rookgordijn,n,-
rooklucht,n,--
rot,a,--
rot,n,--
rotsvast,a,+
rottig,a,--
rottigheid,n,--
rotzak,n,--
rotzooi,n,--
rotzooien,v,--
routineus,a,-
rouwdienst,n,--
rouwdouw,n,-
rouwdouwer,n,-
rouwen,v,--
rouwkapel,n,-
royalist,n,++
rozegeur,n,++
ruig,a,-
ruim,n,+
ruiterlijk,a,+
ruk,n,-
rukken,v,--
rund,n,-
ruptuur,n,-
rust,n,++
rusteloos,a,--
rusteloosheid,n,--
ruw,a,--
ruwheid,n,--
ruzie,n,-
ruïne,n,-
s.s.,n,-
saai,n,--
saamhorigheid,n,+
saamhorigheidsgevoel,n,++
sabotage,n,--
saboteur,n,--
sacherijn,n,--
sacraal,a,+
sacrosanct,a,-
samen,b,+
samenleven,v,+
samenspannen,v,--
samenwerken,v,+
samenwerking,n,+
samenzwering,n,--
sanctie,n,--
sanctioneren,v,--
sappelen,v,-
sarcasme,n,--
sarcastisch,a,-
sardonisch,a,-
satan,n,--
satanisme,n,--
scabreus,a,?
scalperen,v,--
sceptisch,a,--
schaamteloos,a,-
schaapskop,n,--
schaarste,n,-
schade,n,-
schadelijk,a,-
schadestatistiek,n,-
schadevergoeding,n,-
schaduw,n,-
schaduwkant,n,-
schaduwminister,n,-
schaduwzijde,n,-
schampen,v,-
schandaal,n,--
schandalig,a,--
schande,n,--
schandelijk,a,--
schandpaal,n,--
schandvlek,n,--
schappelijk,a,++
scharrelvlees,n,-
schat,n,+
schateren,v,+
schaterlachen,v,+
schattebout,n,++
schattig,a,++
scheet,n,-
scheiden,v,-
scheldwoord,n,-
schellen,v,-
schenden,v,--
schender,n,-
schending,n,--
schenken,v,+
scheren,v,-
scherp,a,++
scherp,n,++
scherpslijper,n,-
schertsvertoning,n,--
scheurklep,n,-
schichtig,a,-
schieten,v,--
schijn,n,+
schijnheilige,n,--
schijnheiligheid,n,--
schijnproces,n,--
schijntje,n,+
schijtebroek,n,--
schijter,n,--
schijterd,n,--
schijthuis,n,--
schijtlaars,n,--
schijtlijster,n,--
schijtluis,n,--
schik,n,++
schimmig,a,--
schimp,n,--
schipbreuk,n,-
schitteren,v,++
schittering,n,++
schlemiel,n,--
schlemielig,a,--
schobben,v,-
schoft,n,--
schokken,v,-
schokkend,a,--
schone,n,++
schooier,n,--
schoolkameraad,n,+
schoolkennis,n,+
schoon,n,+
schoonheid,n,++
schoonheidskoningin,n,+
schoonschrijver,n,+
schoorvoetend,a,-
schorten,v,--
schraal,a,--
schrander,a,-
schraper,n,-
schreeuwen,v,-
schreeuwer,n,--
schriel,a,-
schrik,n,-
schrikkelijk,a,--
schril,a,-
schromelijk,a,--
schromen,v,-
schuchter,a,-
schuinsmarcheerder,n,--
schuld,n,-
schuldeiser,n,--
schuldenaar,n,--
schuldenlast,n,-
schuldgevoel,n,--
schuldig,a,--
schuldige,n,--
schunnig,a,--
schunnigheid,n,--
schurk,n,--
schuw,a,--
scrupules,n,--
secessie,n,-
secundair,a,-
sekreet,n,--
semi-ambtenaar,n,--
sensatie,n,++
sensationeel,a,++
sensibel,a,+
sensitief,a,+
sentimentaliteit,n,-
sentimenteel,a,-
sereniteit,n,++
serpent,n,--
service,n,+
sexy,a,++
sfeerloos,a,--
sfeervol,a,++
sferisch,a,+
shabby,a,--
shit,a,--
shock,n,--
shot,n,-
showbink,n,++
showkikker,n,+
showman,n,+
sierlijk,a,++
sierlijkheid,n,++
siersel,n,+
significantie,n,+
simpel,a,-
simplistisch,a,-
simuleren,v,-
sinaasappelhuid,n,-
sint,n,+
sip,a,--
sjeu,n,-
sjijk,a,+
sjofelaar,n,--
sjorren,v,--
slaaf,n,-
slaan,v,-
slaapkop,n,--
slaaplucht,n,--
slaapverwekkend,a,--
slaatje,n,+
slachten,v,-
slagen,v,++
slagvaardig,a,++
slagveld,n,--
slampamper,n,--
slang,n,-
slank,a,++
slap,a,--
slapjes,a,--
slavin,n,--
slavink,n,--
slavist,n,-
slecht,a,--
slechter,a,--
slechterik,n,--
sleets,a,-
sleutelfiguur,n,+
slijm,n,-
slikken,v,-
slim,a,++
slimmerik,n,++
slimmigheid,n,++
slimmigheidje,n,+
slingeren,v,-
slobberig,a,--
sloeber,n,--
slopen,v,--
slordig,a,--
sluipweg,n,-
sluiten,v,-
sluitend,a,+
slurpen,v,+
sluw,a,+
sluwheid,n,++
smaad,n,--
smachten,v,-
smaden,v,-
smakken,v,-
smart,n,--
smartengeld,n,--
smeerkees,n,--
smeerlap,n,--
smeerpijp,n,--
smeerpoes,n,--
smeerpoets,n,--
smerig,a,--
smerigheid,n,--
smet,n,--
smeuïg,a,++
smiecht,n,--
smiespelen,v,--
smoelentrekker,n,-
smoezelen,v,--
smoezen,v,-
smoken,v,-
smoren,v,--
snappen,v,+
snateren,v,-
snauwen,v,--
snel,a,++
sneren,v,--
snert,n,-
sneu,a,--
snibben,v,-
snijden,v,-
snit,n,+
snoeihard,a,+
snoepen,v,-
snoepgoed,n,+
snoeven,v,--
snoever,n,--
snol,n,--
snoodaard,n,--
snotneus,n,-
snuiter,n,--
sober,a,-
soepel,a,++
soepzootje,n,--
soesa,n,-
sof,n,-
soft,a,-
solidariteit,n,++
solide,a,++
soliditeit,n,++
somber,a,--
somberheid,n,--
somberte,n,--
souplesse,n,++
spaarzaam,a,+
spaarzaamheid,n,+
spannend,a,+
spanning,n,+
sparen,v,+
specialist,n,+
spectaculair,a,++
speelbal,n,--
speels,a,++
spel,n,+
spelenderwijs,b,++
spetter,n,+
speurhond,n,+
speurtocht,n,-
spichtig,a,+
spijkerhard,a,+
spijtig,a,--
spil,n,+
spinnijdig,a,-
spitsboef,n,--
spitsvondig,a,++
spook,n,-
spooksel,n,-
sportief,a,++
spot,n,--
sprietig,a,--
spuiter,n,-
staak,n,-
stabiel,a,++
stabiliseren,v,+
stabiliteit,n,+
stagnatie,n,--
stagneren,v,--
staking,n,-
stakingbreker,n,-
stakker,n,--
stakkerig,a,--
stalen,v,-
stamelen,v,--
stampei,n,--
standje,n,-
standvastig,a,++
standvastigheid,n,+
stank,n,--
stapelzot,a,--
star,a,--
steek,n,-
steengoed,n,++
steenkoud,a,--
stelen,v,-
stellingname,n,+
stemmingmaker,n,++
stennes,n,--
stennis,n,--
ster,n,+
stereotype,n,--
sterfgeval,n,--
sterk,a,++
sterken,v,+
sterkte,n,+
stervende,n,--
steun,n,++
stevig,a,++
stichten,v,-
stichter,n,+
stigma,n,--
stigmatiseren,v,--
stijfhoofdig,a,--
stijfkop,n,--
stijfkoppig,a,--
stijlvol,a,++
stijve,n,--
stilliggen,v,-
stilstand,n,-
stimulans,n,++
stimuleren,v,+
stinken,v,--
stinkend,a,--
stinker,n,--
stinkerd,n,--
stoer,a,++
stoethaspel,n,--
stoethaspelig,a,-
stoken,v,-
stoker,n,--
stokkerig,a,--
stom,a,--
stomkop,n,--
stommeling,n,--
stommerd,n,--
stommerik,n,--
stommigheid,n,--
stommiteit,n,--
stomp,a,-
stomp,n,-
stompje,n,+
stomverbaasd,a,-
stoornis,n,--
stoot,n,+
stoottroepen,n,-
stopzetting,n,-
storen,v,-
storend,a,--
storm,n,-
straatloper,n,-
straatroof,n,-
straatschender,n,--
straf,a,--
straf,n,-
strafbal,n,-
straight,a,+
strak,a,+
stram,a,-
stranddief,n,--
streber,n,--
strengheid,n,-
stress,n,-
streven,n,++
strijdbaar,a,++
strijden,v,-
strijder,n,++
strijdig,a,++
strijdigheid,n,+
strijdvaardigheid,n,++
strikt,a,-
stront,n,-
stroomstoot,n,-
strubbeling,n,-
strubbelingen,n,--
struikelblok,n,-
struikelen,v,-
struikelsteen,n,-
stuf,n,-
stuiten,v,-
stuitend,a,--
stuk,n,-
stumper,n,--
stumperig,a,--
stunt,n,-
stuntel,n,--
stuntelaar,n,--
stuntelig,a,--
stupiditeit,n,--
subliem,a,++
subsidioloog,n,-
succes,n,++
suf,a,--
sufferd,n,--
sufkont,n,--
sufkop,n,--
suggereren,v,+
suggestibel,a,-
suizelen,v,--
sukkel,n,--
sukkelig,a,--
sulligheid,n,--
super,n,++
super-de-luxe,a,++
superbe,a,++
superieur,a,++
superioriteit,n,++
superpositie,n,++
supersonisch,a,++
superstar,n,++
supporter,n,-
supprimeren,v,-
suprematie,n,+
suspect,a,--
suspicie,n,--
sympathie,n,++
sympathiek,a,++
syndroom,n,-
synergie,n,+
synoptisch,a,+
taaiheid,n,+
taart,n,+
taboe,n,--
tact,n,++
talent,n,++
talentvol,a,++
tamtam,n,-
tante,n,-
tastbaar,a,+
tateren,v,--
techneut,n,+
tederheid,n,++
teef,n,--
tegen,a,--
tegendraads,a,-
tegenslag,n,-
tegenspoed,n,--
tegenspreken,v,-
tegenstaan,v,-
tegenstand,n,--
tegenstander,n,-
tegenstrever,n,--
tegenstrijdig,a,--
tegenstrijdigheid,n,-
tegenvaller,n,--
tegenzin,n,-
teisteren,v,--
tekort,n,--
tekortkoming,n,--
teleurgesteld,a,--
teleurstellen,v,--
teleurstellend,a,--
teleurstelling,n,--
teloorgang,n,--
tenger,a,--
terecht,a,+
terechtwijzing,n,--
teringlijder,n,--
teringzooi,n,--
terreur,n,--
terroriseren,v,--
terrorisme,n,--
terugdoen,v,+
teruggetrokken,a,-
teruggetrokkenheid,n,-
teruggeven,v,+
terughoudendheid,n,-
terugvorderen,v,-
tetteren,v,--
tevergeefs,a,--
tevredenheid,n,++
tewerkgestelde,n,-
theocraat,n,-
tij,n,-
tikgeit,n,-
timide,a,-
tingelen,v,-
tippen,v,+
tirade,n,--
tiran,n,--
tirannie,n,--
titelhouder,n,++
toe-eigening,n,-
toebedelen,v,+
toebrengen,v,-
toegankelijk,a,++
toegefelijk,a,+
toegeven,v,+
toegewijd,a,++
toejuiching,n,++
toekennen,v,++
toekomstdenker,n,+
toelaten,v,+
toelating,n,++
toenadering,n,+
toereiken,v,+
toeschuiven,v,-
toestaan,v,+
toestand,n,-
toestemming,n,+
toevertrouwen,v,+
toevlucht,n,+
toewijding,n,++
tolerant,a,++
tolerantie,n,++
tolereren,v,++
toneelspel,n,-
toorn,n,--
top,n,++
topman,n,++
topper,n,++
tormenteren,v,--
tornen,v,-
totaal,a,+
totaliteit,n,++
totebel,n,--
totstandbrenging,n,+
totstandkoming,n,+
tovenares,n,+
traag,a,--
trachten,v,+
tragedie,n,--
tragikomisch,a,-
tragisch,a,--
trammelant,n,--
tramp,n,-
transvestiet,n,-
trauma,n,--
treffend,a,++
trek,n,-
trekken,v,-
tremor,n,-
trendy,a,++
treuren,v,-
treurig,a,--
treurigheid,n,--
treurnis,n,--
treurspel,n,--
trick,n,+
trien,n,--
triest,a,--
triestheid,n,-
triestig,a,--
triomf,n,++
triomfantelijk,a,+
triomfator,n,+
troel,n,--
troela,n,--
troep,n,-
troetelkind,n,++
troost,n,+
trots,a,++
trots,n,+
trotseren,v,++
trouw,a,++
trouw,n,+
trouweloos,a,--
truc,n,--
trucfilm,n,-
truttebol,n,--
tuchtcommissie,n,-
tuinieren,v,+
tumult,n,--
tureluurs,a,--
tut,n,--
tuttebel,n,--
tweederangs,a,-
tweeslachtig,a,-
tweeslachtigheid,n,-
twijfel,n,+
twijfelachtig,a,--
twist,n,-
twistgesprek,n,--
tyfuslijer,n,--
type,n,-
uilebal,n,--
uilenbal,n,--
uilskuiken,n,--
uitbarsting,n,-
uitblinker,n,++
uitblussen,v,-
uitbraak,n,--
uitbreidingsmogelijkheid,n,+
uitbrengen,v,+
uitbuiting,n,--
uitbundigheid,n,++
uitdaging,n,+
uitdelen,v,+
uitdoven,v,-
uiteenspringen,v,-
uiteindelijk,a,+
uiterst,a,+
uitgehongerd,a,--
uitgekiend,a,+
uitgemergeld,a,--
uitgeslapen,a,+
uitgeteerd,a,--
uitgezakt,a,--
uitglijder,n,--
uitgommen,v,-
uithaal,n,-
uithangen,v,-
uithollen,v,-
uithouden,v,-
uitkering,n,-
uitklauteren,v,+
uitklinken,v,++
uitmuntend,a,++
uitnemend,a,+
uitnodigend,a,++
uitpersen,v,-
uitpraten,v,+
uitputtend,a,-
uitputting,n,-
uitrangeren,v,--
uitschakelen,v,+
uitschieten,v,-
uitschuiftafel,n,-
uitsluiting,n,-
uitstekend,a,++
uittreden,v,-
uitvegen,v,-
uitverkorene,n,++
uitvlakken,v,-
uitvoerbaar,a,++
uitweiden,v,-
uitwissen,v,-
uitzetting,n,-
uitzonderlijk,a,+
ukkepuk,n,--
ultimatum,n,+
ultra,n,+
underdog,n,--
uniek,a,++
urgentie,n,-
urnenveld,n,-
vaag,a,--
vaagheid,n,--
vaalbont,a,--
vaalwit,a,--
vaardig,a,++
vaardigheid,n,+
vaarwel,n,-
vakkundig,a,++
vakman,n,++
vakvrouw,n,++
val,n,--
validiteit,n,++
valkuil,n,--
vallen,v,-
vals,a,--
valsaard,n,--
valserik,n,--
valstrik,n,--
varken,n,-
varkenshok,n,--
vast,b,+
vasthoudendheid,n,++
vastraken,v,-
vaststellen,v,+
vastzitten,v,-
vechten,v,--
vechtersbaas,n,++
vechtjas,n,--
veel,a,++
veelbewogen,a,++
veelzijdig,a,++
veelzijdigheid,n,++
veer,n,+
veerkrachtig,a,++
vegeteren,v,--
veilig,a,++
veiligheid,n,+
veinzaard,n,--
veinzen,v,--
veinzer,n,--
veinzerij,n,--
vellen,v,-
venerabel,a,++
vent,n,+
veracht,a,--
verachten,v,--
verafschuwen,v,--
verantwoord,a,++
verantwoordelijk,a,++
verantwoordelijkheid,n,+
verantwoorden,v,-
verantwoording,n,+
verbanning,n,-
verbazing,n,-
verbazingwekkend,a,+
verbeteren,v,+
verbetering,n,++
verbieden,v,-
verbijsterd,a,--
verbijsterend,a,--
verbijstering,n,--
verblijden,v,++
verblind,a,--
verbluffend,a,++
verbod,n,-
verboden,a,-
verbolgenheid,n,--
verbondenheid,n,++
verbranden,v,-
verbroedering,n,++
verbruiker,n,-
verdacht,a,-
verdachte,n,--
verdagen,v,-
verdedigbaar,a,++
verdedigen,v,+
verdediger,n,+
verdediging,n,+
verdeeld,a,-
verdeeldheid,n,--
verdelgen,v,-
verderfelijk,a,--
verdienen,v,+
verdienste,n,++
verdienstelijk,a,++
verdieping,n,+
verdikken,v,-
verdoemenis,n,--
verdomd,a,--
verdord,a,--
verdorven,a,--
verdraagzaamheid,n,+
verdraaid,a,--
verdragen,v,+
verdriet,n,-
verdrietig,a,--
verdrinking,n,-
verdrukking,n,--
verduiveld,a,--
verduren,v,--
verduveld,a,--
verdwijnen,v,-
veredeling,n,+
vereenvoudigen,v,+
vereenzaamd,a,--
vereerder,n,+
verenigbaar,a,++
vereren,v,+
verergeren,v,--
verergering,n,--
verfijnen,v,++
verfijning,n,++
verfoeilijk,a,--
verfraaien,v,+
verfraaiing,n,++
verfrissend,a,++
vergaan,v,--
vergankelijkheid,n,-
vergeefs,a,--
vergeetachtig,a,--
vergeetachtigheid,n,--
vergelding,n,--
vergemakkelijken,v,++
vergenoegdheid,n,-
vergenoegen,v,+
vergeten,v,-
vergeven,v,+
vergevorderd,a,+
vergezocht,a,--
vergiffenis,n,++
vergoeding,n,+
vergroten,v,+
vergunnen,v,++
verhard,a,-
verheerlijken,v,-
verheerlijking,n,-
verheffen,v,+
verheffend,a,++
verhelderend,a,++
verheldering,n,+
verhelpen,v,++
verheugd,a,++
verheugen,v,++
verheugend,a,++
verheugenis,n,++
verheven,a,++
verhindering,n,-
verhongeren,v,-
verkeerd,a,--
verkeersdrukte,n,-
verkeren,v,+
verknipt,a,--
verkooppraatje,n,--
verkwijnen,v,-
verkwikkelijk,a,++
verlakkerij,n,-
verlangen,n,+
verlangen,v,+
verlaten,a,-
verlaten,v,-
verlegen,a,-
verlegenheid,n,-
verleidelijk,a,++
verleiden,v,+
verleiding,n,+
verlengbaar,a,+
verlevendigen,v,++
verlichten,v,+
verlies,n,--
verliezen,v,-
verliezer,n,--
verlof,n,+
verlokkelijk,a,++
verlokken,v,-
verlokkend,a,+
verlokker,n,-
verloochening,n,--
verloop,n,-
verloren,a,-
verlosser,n,++
vermaak,n,++
vermaardheid,n,+
vermaken,v,++
vermaledijd,a,-
vermaning,n,-
vermijden,v,-
vermijding,n,-
vermindering,n,--
verminkt,a,--
vermoeid,a,--
vermoeidheid,n,--
vermoeiend,a,--
vermoeienis,n,-
vermogen,n,++
vermogen,v,+
vermogend,a,++
vermoorden,v,-
vermorzelen,v,--
vernederen,v,--
vernedering,n,--
verneukeratief,a,--
verneukerij,n,--
vernietigen,v,-
vernietigend,a,--
vernietiging,n,--
verontreiniging,n,--
verontrust,a,--
verontrustend,a,--
verontwaardigd,a,--
verontwaardiging,n,--
veroordelen,v,--
veroordeling,n,-
veroorloven,v,-
veroveren,v,+
verovering,n,+
verpletteren,v,--
verpletterend,a,++
verplicht,a,-
verplichting,n,-
verraad,n,--
verraden,v,--
verrader,n,--
verraderlijk,a,--
verrassend,a,+
verrassing,n,++
verregenen,v,-
verrekt,a,--
verrichten,v,+
verrijken,v,+
verrijking,n,++
verrot,a,--
vers,a,++
vers,n,+
verschijning,n,-
verschoppeling,n,--
verschrikkelijk,a,--
verschrikking,n,--
verschuilen,v,-
versiering,n,+
verslaafde,n,-
verslaving,n,-
verslechteren,v,--
verslechtering,n,--
versleten,a,--
versliegeraar,n,-
verspilling,n,--
verspreken,v,--
verstaanbaar,a,++
verstandhouding,n,+
verstandsmens,n,+
verstard,a,--
versteend,a,-
versterken,v,+
versterking,n,+
verstijfd,a,--
verstikken,v,-
verstoord,a,-
verstoren,v,-
verstoteling,n,-
verstotene,n,--
verstrikken,v,--
verstrooid,a,-
verstrooien,v,-
vertelsel,n,-
vertraging,n,--
vertrouwelijk,a,+
vertrouwen,n,+
vertrouwen,v,+
vervaardigen,v,+
vervaardiger,n,+
vervaardiging,n,+
vervaarlijk,a,-
verval,n,--
vervallen,v,-
vervalsen,v,-
vervalsing,n,--
verveeld,a,--
vervelend,a,--
verveling,n,--
vervloeking,n,-
vervloekt,a,--
vervoegbaar,a,+
vervolgen,v,-
vervolging,n,--
vervormen,v,-
vervorming,n,-
vervreemden,v,--
vervreemding,n,-
vervuilen,v,-
vervuiler,n,--
vervulling,n,+
verwaand,a,--
verwaarlozen,v,--
verwaarlozing,n,--
verward,a,--
verwarren,v,-
verwarrend,a,--
verwarring,n,--
verweesd,a,--
verwennen,v,+
verwensing,n,-
verwenst,a,-
verwerkelijken,v,+
verwerkelijking,n,+
verwerpen,v,-
verwerping,n,-
verwerven,v,+
verwezenlijken,v,+
verwezenlijking,n,++
verwijderen,v,-
verwijdering,n,-
verwijt,n,--
verwijtend,a,--
verwoest,v,--
verwoesten,v,--
verwoesting,n,--
verwonden,v,--
verwonderen,v,+
verwondering,n,++
verwording,n,-
verworpeling,n,-
verworpene,n,-
verworvenheid,n,+
verwurging,n,-
verzachten,v,++
verzadigd,a,+
verzet,n,-
verziekt,a,--
verzoenen,v,++
verzoening,n,+
verzorgd,a,++
verzorger,n,+
verzuim,n,--
verzuren,v,-
verzwakken,v,-
verzwaren,v,--
vet,n,-
veto,n,-
vetrijk,a,+
vetzak,n,--
vetzuur,a,--
victorie,n,++
vief,a,+
vieren,v,++
viering,n,+
viermeterworp,n,+
vies,a,--
viespeuk,n,--
viezerik,n,--
vijand,n,--
vijandelijkheden,n,--
vijandig,a,--
vijandigheid,n,-
vijandschap,n,-
villa,n,+
villen,v,--
vindingrijk,a,++
vindingrijkheid,n,++
vip,n,+
virulentie,n,--
virus,n,-
visionair,n,+
vitaal,a,++
vitaliteit,n,++
vitriool,n,-
vitter,n,--
vlam,n,+
vlammend,a,++
vleesklomp,n,-
vlek,n,--
vlekkeloos,a,++
vloeiend,a,++
vloek,n,--
vloeken,v,-
vlot,n,+
vlotter,n,++
vluchten,v,-
vluchtig,a,-
vlug,a,+
voddenbaal,n,--
voeden,v,+
volbrengen,v,+
volbrenging,n,++
voldoende,n,+
voldoening,n,+
volgroeid,a,+
volharden,v,+
volharding,n,++
volhardingsvermogen,n,+
volhouder,n,++
volkomen,a,+
volksbijgeloof,n,-
volksgeloof,n,-
volledig,a,+
volmaakt,a,++
volmaaktheid,n,++
volstaan,v,++
voluntarisme,n,+
volwassen,a,+
vonnis,n,-
voor,a,+
voor,b,+
voorbeeld,n,+
voordeel,n,++
voordelig,a,++
voorkeur,n,+
voornaam,n,+
voorspelbaar,a,--
voorspelbaarheid,n,-
voorspoed,n,++
voorspoedig,a,++
voortreffelijk,a,++
voortvarend,a,++
vooruit,b,++
vooruitgang,n,++
vooruitkomen,v,++
vooruitzicht,n,+
voorwenden,v,-
voorzichtig,a,+
voorzichtigheid,n,+
voorzien,a,+
voorziening,n,+
voos,a,--
vorderen,v,-
vospaard,n,+
vraagal,n,-
vrede,n,++
vredesleger,n,+
vredesvoorstel,n,+
vreemd,a,--
vreemde,n,-
vreemdeling,n,-
vrek,n,--
vreselijk,a,--
vreten,n,-
vreugd,n,++
vreugde,n,++
vreugdeloos,a,--
vrezen,v,-
vriend,n,++
vriendelijk,a,++
vriendelijkheid,n,++
vriendin,n,++
vriendschap,n,++
vriendschappelijkheid,n,++
vrij,a,+
vrijbuiter,n,-
vrijbuiteren,v,+
vrijgevigheid,n,++
vrijheid,n,++
vrijlaten,v,++
vrijmetselaar,n,++
vrijwillig,a,+
vrind,n,+
vrolijk,a,++
vroomheid,n,+
vrouwenhandel,n,--
vrouwmens,n,-
vrouwspersoon,n,-
vrouwvriendelijk,a,--
vruchtbaar,a,+
vruchteloos,a,--
vuil,a,--
vuil,n,-
vuilak,n,--
vuilik,n,--
vuilpeuk,n,--
vuilpoes,n,--
vuilspuiterij,n,--
vuilwit,a,--
vuistvechter,n,--
vulgair,a,--
vulgariteit,n,--
vulvitis,n,-
vunzig,a,--
vurig,a,+
vuur,n,+
vuurzee,n,--
waaghals,n,++
waaghalzerig,a,--
waakhond,n,+
waakzaam,a,+
waakzaamheid,n,+
waandenkbeeld,n,--
waanidee,n,--
waanvoorstelling,n,--
waanwijs,a,--
waanzin,n,--
waanzinnig,a,++
waanzinnige,n,-
waarachtigheid,n,++
waard,n,+
waarde,n,++
waardeloos,a,--
waardering,n,+
waardig,a,++
waardigheid,n,+
waarheid,n,++
waarheidsgetrouw,a,++
waarschuwing,n,-
wachtgelder,n,-
wagenziek,a,--
wakker,a,+
walgelijk,a,--
walglijk,a,--
wanbedrijf,n,--
wanbegrip,n,--
wanbetaler,n,--
wanbof,n,--
wanboffer,n,--
wandaad,n,--
wanen,v,--
wangedrocht,n,--
wangestalte,n,--
wanhoop,n,--
wanhopig,a,--
wankel,a,--
wankelen,v,--
wanorde,n,--
wanordelijk,a,--
wanordelijkheid,n,--
wantrouwen,n,-
wantrouwen,v,-
wantrouwend,a,--
wantrouwig,a,-
warboel,n,--
warhoofd,n,--
warm,a,+
warmte,n,+
warrelig,a,--
warrig,a,--
waterhoofd,n,--
waterig,a,-
waterlander,n,-
waternimf,n,+
watertanden,v,++
watje,n,--
wauwelen,v,--
wederhelft,n,+
wedijveren,v,-
weduwe,n,-
weduwnaar,n,-
wee,n,-
weeklagen,v,?
weerbaarheid,n,+
weerbarstig,a,-
weerlegging,n,+
weerloos,a,--
weeromkomen,v,-
weerstand,n,-
weerzin,n,--
weerzinwekkend,a,--
weeskind,n,-
weetniet,n,-
wegdoen,v,-
weggeven,v,+
wegjagen,v,--
wegkruipen,v,-
wegleggen,v,-
wegpoetsen,v,-
wegsaneren,v,-
wegslaan,v,-
wegsnellen,v,-
wegstromen,v,-
wegsturen,v,-
wegvloeien,v,-
wegvluchten,v,-
wegwezen,v,-
weigerachtig,a,--
weigeren,v,--
weigering,n,-
weinig,a,--
weirdo,n,--
welbehagen,n,++
welbespraakt,a,++
welbespraaktheid,n,++
weldadig,a,--
weldoener,n,++
welgesteld,a,++
welgevallig,a,++
welkom,a,+
welkom,n,+
wellevendheid,n,+
welluidend,a,++
welriekend,a,++
welsprekend,a,++
welsprekendheid,n,++
welstand,n,++
welvaart,n,++
welvaren,n,+
welvarend,a,++
welvarendheid,n,++
welwillendheid,n,++
welzijn,n,++
wens,n,+
wenselijk,a,+
wensen,v,+
wereldklasse,n,++
wereldomvattend,a,+
wereldranglijst,n,+
weren,v,-
werkeloos,a,-
werkkracht,n,+
werkloze,n,-
werkschuw,a,--
werkwillige,n,+
werkzaam,a,+
wervelend,a,++
wetenschappelijk,a,++
wetenschapper,n,+
wetenschapsmens,n,+
wetteloos,a,-
wetteloosheid,n,--
whizzkid,n,++
wiet,n,-
wig,n,-
wijd,a,+
wijden,v,+
wijf,n,-
wijfie,n,-
wijs,n,++
wijsheid,n,++
wijvenpraat,n,--
wiking,n,-
wil,n,+
wild,a,--
wild,n,-
wilde,n,-
willig,a,++
wilskracht,n,++
wilskrachtig,a,++
winnaar,n,++
winnen,v,++
winner,n,++
winst,n,++
winstgevend,a,++
wissen,v,-
witheet,a,-
woede,n,-
woedend,a,--
woelgeest,n,-
woest,a,--
woesteling,n,--
woestheid,n,--
woestijn,n,-
wond,n,--
wonder,n,++
wonderdokter,n,-
wonderwel,a,++
woordenstrijd,n,-
woordenwisseling,n,--
worstelaar,n,-
worstelen,v,-
woudezel,n,-
wow,n,++
wraak,n,--
wraakgodin,n,-
wraaklust,n,--
wrak,n,-
wrakkig,a,--
wrang,a,--
wreed,a,--
wreedaard,n,--
wreedheid,n,--
wreken,v,--
wrevel,n,--
wreveligheid,n,-
wrijving,n,-
wroeging,n,--
wrok,n,-
wurgen,v,--
zacht,a,++
zachtzinnig,a,++
zakelijk,a,+
zakkenwasser,n,--
zakkerig,a,--
zakkig,a,--
zalig,a,++
zanggod,n,+
zanik,n,--
zaniker,n,--
zanikpot,n,--
zatladder,n,--
zatlap,n,--
zedeloosheid,n,--
zeehondebont,n,-
zeemacht,n,+
zegen,n,++
zegenen,v,+
zegenrijk,a,++
zegetocht,n,+
zeiker,n,--
zeikerd,n,--
zeiksnor,n,--
zeikstraal,n,--
zeikvent,n,--
zeker,a,+
zeldzaam,a,+
zelfbedrog,n,--
zelfbeschikking,n,+
zelfgenoegzaam,a,--
zelfingenomen,a,--
zelfmoord,n,--
zelfmoordenaar,n,--
zelfstandige,n,+
zelfvoldaan,a,-
zelfvoorzienend,a,+
zelfzuchtig,a,--
zemel,n,--
zemelaar,n,--
zemelap,n,--
zenuwachtig,a,--
zenuwtrekje,n,--
zeper,n,--
zeperd,n,--
zeur,n,--
zeurkous,n,--
zeurpiet,n,--
zever,n,--
zeveraar,n,--
zeveren,v,--
zichtbaar,a,+
ziedend,a,--
ziek,a,-
zieke,n,--
ziekelijk,a,--
ziekenbezoek,n,+
ziekmakend,a,--
ziekte,n,-
ziektegeschiedenis,n,-
ziektekiem,n,--
ziekteproces,n,-
ziel,n,+
zielenherder,n,++
zielenpiet,n,--
zielenpoot,n,--
zielenrust,n,+
zielepiet,n,--
zielepoot,n,--
zielerust,n,+
zielig,a,--
zijde,n,+
zijgalerij,n,-
zin,n,-
zinken,v,-
zinloos,a,--
zinnig,a,++
zinsbegoocheling,n,--
zoet,a,++
zoet,n,+
zoetvloeiend,a,++
zoeven,v,+
zonde,n,--
zondebok,n,-
zonderling,a,--
zonderling,n,-
zondigheid,n,--
zondvloed,n,-
zonneklaar,a,++
zonneklopper,n,++
zonnesteek,n,-
zonnig,a,++
zooi,n,--
zoonlief,n,++
zootje,n,--
zorg,n,++
zorgelijk,a,--
zorgeloos,a,++
zorgen,v,+
zorgwekkend,a,--
zot,n,--
zotheid,n,--
zottenpraat,n,--
zotternij,n,--
zottigheid,n,--
zoutzuur,n,-
zuchten,v,-
zuiveren,v,+
zuiverheid,n,++
zuivering,n,+
zusje,n,++
zuster,n,+
zuur,a,-
zuurpruim,n,--
zwaar,a,-
zwaargeschapen,a,-
zwaargewicht,n,+
zwaarlijvig,a,-
zwaarmoedig,a,--
zwaarmoedigheid,n,-
zwak,n,--
zwakjes,a,--
zwakte,n,-
zwammen,v,--
zwart,n,-
zwartekousenkerk,n,-
zwartgalligheid,n,-
zwarthemd,n,-
zwarthemden,n,--
zwavel,n,-
zwavellucht,n,-
zwavelzuur,a,-
zweetspoor,n,-
zwerfkat,n,-
zwerver,n,-
zwetsen,v,--
zwichten,v,--
zwierbol,n,+
zwijmelen,v,--
zwijn,n,--
zwijneboel,n,--
zwijnekeet,n,--
zwijnenboel,n,--
zwijnenkeet,n,--
zwijnenpan,n,--
zwijnenstal,n,-
zwijnepan,n,--
zwijnestal,n,--
zwijnezooi,n,--
zwijnjak,n,--
zwijntje,n,-
zwoegen,v,+
